-22,1,25hMIgbnVUuIuZ26ZqtymePv6J0=,44LR62ADS0PHDiiX/JezeVwfdBM=
-19,3,25hMIgbnVUuIuZ26ZqtymePv6J0=,44LR62ADS0PHDiiX/JezeVwfdBM=
-20,3,25hMIgbnVUuIuZ26ZqtymePv6J0=,44LR62ADS0PHDiiX/JezeVwfdBM=
-17,2,25hMIgbnVUuIuZ26ZqtymePv6J0=,44LR62ADS0PHDiiX/JezeVwfdBM=
-18,2,25hMIgbnVUuIuZ26ZqtymePv6J0=,44LR62ADS0PHDiiX/JezeVwfdBM=
-19,2,25hMIgbnVUuIuZ26ZqtymePv6J0=,44LR62ADS0PHDiiX/JezeVwfdBM=
-20,2,25hMIgbnVUuIuZ26ZqtymePv6J0=,44LR62ADS0PHDiiX/JezeVwfdBM=
-21,2,25hMIgbnVUuIuZ26ZqtymePv6J0=,44LR62ADS0PHDiiX/JezeVwfdBM=
-22,2,25hMIgbnVUuIuZ26ZqtymePv6J0=,44LR62ADS0PHDiiX/JezeVwfdBM=
-17,1,25hMIgbnVUuIuZ26ZqtymePv6J0=,44LR62ADS0PHDiiX/JezeVwfdBM=
-18,1,25hMIgbnVUuIuZ26ZqtymePv6J0=,44LR62ADS0PHDiiX/JezeVwfdBM=
-19,1,25hMIgbnVUuIuZ26ZqtymePv6J0=,44LR62ADS0PHDiiX/JezeVwfdBM=
-20,1,25hMIgbnVUuIuZ26ZqtymePv6J0=,44LR62ADS0PHDiiX/JezeVwfdBM=
-21,1,25hMIgbnVUuIuZ26ZqtymePv6J0=,44LR62ADS0PHDiiX/JezeVwfdBM=
-28,10,n9ppF1rrXLcJRWXDoiu3/eTzfLc=,OV7pjC04ZCkcVx4AViDOo6w0/1g=
-29,9,n9ppF1rrXLcJRWXDoiu3/eTzfLc=,OV7pjC04ZCkcVx4AViDOo6w0/1g=
-30,9,n9ppF1rrXLcJRWXDoiu3/eTzfLc=,OV7pjC04ZCkcVx4AViDOo6w0/1g=
-31,9,n9ppF1rrXLcJRWXDoiu3/eTzfLc=,OV7pjC04ZCkcVx4AViDOo6w0/1g=
-30,14,n9ppF1rrXLcJRWXDoiu3/eTzfLc=,OV7pjC04ZCkcVx4AViDOo6w0/1g=
-31,14,n9ppF1rrXLcJRWXDoiu3/eTzfLc=,OV7pjC04ZCkcVx4AViDOo6w0/1g=
-23,0,n9ppF1rrXLcJRWXDoiu3/eTzfLc=,44LR62ADS0PHDiiX/JezeVwfdBM=
-22,0,n9ppF1rrXLcJRWXDoiu3/eTzfLc=,44LR62ADS0PHDiiX/JezeVwfdBM=
-18,0,n9ppF1rrXLcJRWXDoiu3/eTzfLc=,44LR62ADS0PHDiiX/JezeVwfdBM=
-19,0,n9ppF1rrXLcJRWXDoiu3/eTzfLc=,44LR62ADS0PHDiiX/JezeVwfdBM=
-20,0,n9ppF1rrXLcJRWXDoiu3/eTzfLc=,44LR62ADS0PHDiiX/JezeVwfdBM=
-21,0,n9ppF1rrXLcJRWXDoiu3/eTzfLc=,44LR62ADS0PHDiiX/JezeVwfdBM=
-20,9,n9ppF1rrXLcJRWXDoiu3/eTzfLc=,3jloOVfd8esZnEYoaz+TWAz2xj8=
-20,10,n9ppF1rrXLcJRWXDoiu3/eTzfLc=,3jloOVfd8esZnEYoaz+TWAz2xj8=
-18,12,n9ppF1rrXLcJRWXDoiu3/eTzfLc=,3jloOVfd8esZnEYoaz+TWAz2xj8=
-19,12,n9ppF1rrXLcJRWXDoiu3/eTzfLc=,3jloOVfd8esZnEYoaz+TWAz2xj8=
-20,12,n9ppF1rrXLcJRWXDoiu3/eTzfLc=,3jloOVfd8esZnEYoaz+TWAz2xj8=
-18,11,n9ppF1rrXLcJRWXDoiu3/eTzfLc=,3jloOVfd8esZnEYoaz+TWAz2xj8=
-19,11,n9ppF1rrXLcJRWXDoiu3/eTzfLc=,3jloOVfd8esZnEYoaz+TWAz2xj8=
-18,10,n9ppF1rrXLcJRWXDoiu3/eTzfLc=,3jloOVfd8esZnEYoaz+TWAz2xj8=
-19,10,n9ppF1rrXLcJRWXDoiu3/eTzfLc=,3jloOVfd8esZnEYoaz+TWAz2xj8=
-24,1,n9ppF1rrXLcJRWXDoiu3/eTzfLc=,44LR62ADS0PHDiiX/JezeVwfdBM=
-28,8,n9ppF1rrXLcJRWXDoiu3/eTzfLc=,OV7pjC04ZCkcVx4AViDOo6w0/1g=
-28,5,n9ppF1rrXLcJRWXDoiu3/eTzfLc=,sUM7aA/JHuTF/opNVyLhsTHghzE=
-27,6,n9ppF1rrXLcJRWXDoiu3/eTzfLc=,sUM7aA/JHuTF/opNVyLhsTHghzE=
-24,8,n9ppF1rrXLcJRWXDoiu3/eTzfLc=,3jloOVfd8esZnEYoaz+TWAz2xj8=
-24,6,n9ppF1rrXLcJRWXDoiu3/eTzfLc=,44LR62ADS0PHDiiX/JezeVwfdBM=
-25,4,n9ppF1rrXLcJRWXDoiu3/eTzfLc=,sUM7aA/JHuTF/opNVyLhsTHghzE=
-24,4,n9ppF1rrXLcJRWXDoiu3/eTzfLc=,44LR62ADS0PHDiiX/JezeVwfdBM=
-25,3,n9ppF1rrXLcJRWXDoiu3/eTzfLc=,sUM7aA/JHuTF/opNVyLhsTHghzE=
-27,5,n9ppF1rrXLcJRWXDoiu3/eTzfLc=,sUM7aA/JHuTF/opNVyLhsTHghzE=
-24,5,n9ppF1rrXLcJRWXDoiu3/eTzfLc=,44LR62ADS0PHDiiX/JezeVwfdBM=
-26,4,n9ppF1rrXLcJRWXDoiu3/eTzfLc=,sUM7aA/JHuTF/opNVyLhsTHghzE=
-28,7,n9ppF1rrXLcJRWXDoiu3/eTzfLc=,sUM7aA/JHuTF/opNVyLhsTHghzE=
-27,7,n9ppF1rrXLcJRWXDoiu3/eTzfLc=,sUM7aA/JHuTF/opNVyLhsTHghzE=
-25,8,n9ppF1rrXLcJRWXDoiu3/eTzfLc=,OV7pjC04ZCkcVx4AViDOo6w0/1g=
-25,6,n9ppF1rrXLcJRWXDoiu3/eTzfLc=,sUM7aA/JHuTF/opNVyLhsTHghzE=
-26,8,n9ppF1rrXLcJRWXDoiu3/eTzfLc=,OV7pjC04ZCkcVx4AViDOo6w0/1g=
-17,7,n9ppF1rrXLcJRWXDoiu3/eTzfLc=,44LR62ADS0PHDiiX/JezeVwfdBM=
-27,8,n9ppF1rrXLcJRWXDoiu3/eTzfLc=,OV7pjC04ZCkcVx4AViDOo6w0/1g=
-28,6,n9ppF1rrXLcJRWXDoiu3/eTzfLc=,sUM7aA/JHuTF/opNVyLhsTHghzE=
-18,7,n9ppF1rrXLcJRWXDoiu3/eTzfLc=,44LR62ADS0PHDiiX/JezeVwfdBM=
-19,7,n9ppF1rrXLcJRWXDoiu3/eTzfLc=,44LR62ADS0PHDiiX/JezeVwfdBM=
-27,4,n9ppF1rrXLcJRWXDoiu3/eTzfLc=,sUM7aA/JHuTF/opNVyLhsTHghzE=
-28,4,n9ppF1rrXLcJRWXDoiu3/eTzfLc=,sUM7aA/JHuTF/opNVyLhsTHghzE=
-20,7,n9ppF1rrXLcJRWXDoiu3/eTzfLc=,44LR62ADS0PHDiiX/JezeVwfdBM=
-17,11,n9ppF1rrXLcJRWXDoiu3/eTzfLc=,3jloOVfd8esZnEYoaz+TWAz2xj8=
-17,10,n9ppF1rrXLcJRWXDoiu3/eTzfLc=,3jloOVfd8esZnEYoaz+TWAz2xj8=
-21,6,n9ppF1rrXLcJRWXDoiu3/eTzfLc=,44LR62ADS0PHDiiX/JezeVwfdBM=
-25,7,n9ppF1rrXLcJRWXDoiu3/eTzfLc=,sUM7aA/JHuTF/opNVyLhsTHghzE=
-17,9,hDBnV9yYBIImfL8k1vmpn/zZdf8=,3jloOVfd8esZnEYoaz+TWAz2xj8=
-22,6,hDBnV9yYBIImfL8k1vmpn/zZdf8=,44LR62ADS0PHDiiX/JezeVwfdBM=
-17,8,hDBnV9yYBIImfL8k1vmpn/zZdf8=,3jloOVfd8esZnEYoaz+TWAz2xj8=
-23,6,hDBnV9yYBIImfL8k1vmpn/zZdf8=,44LR62ADS0PHDiiX/JezeVwfdBM=
-20,11,hDBnV9yYBIImfL8k1vmpn/zZdf8=,3jloOVfd8esZnEYoaz+TWAz2xj8=
-26,6,hDBnV9yYBIImfL8k1vmpn/zZdf8=,sUM7aA/JHuTF/opNVyLhsTHghzE=
-24,7,hDBnV9yYBIImfL8k1vmpn/zZdf8=,44LR62ADS0PHDiiX/JezeVwfdBM=
-18,9,hDBnV9yYBIImfL8k1vmpn/zZdf8=,3jloOVfd8esZnEYoaz+TWAz2xj8=
-26,7,hDBnV9yYBIImfL8k1vmpn/zZdf8=,sUM7aA/JHuTF/opNVyLhsTHghzE=
-21,5,hDBnV9yYBIImfL8k1vmpn/zZdf8=,44LR62ADS0PHDiiX/JezeVwfdBM=
-19,9,hDBnV9yYBIImfL8k1vmpn/zZdf8=,3jloOVfd8esZnEYoaz+TWAz2xj8=
-25,5,hDBnV9yYBIImfL8k1vmpn/zZdf8=,sUM7aA/JHuTF/opNVyLhsTHghzE=
-18,8,hDBnV9yYBIImfL8k1vmpn/zZdf8=,3jloOVfd8esZnEYoaz+TWAz2xj8=
-19,8,hDBnV9yYBIImfL8k1vmpn/zZdf8=,3jloOVfd8esZnEYoaz+TWAz2xj8=
-20,8,hDBnV9yYBIImfL8k1vmpn/zZdf8=,3jloOVfd8esZnEYoaz+TWAz2xj8=
-26,5,hDBnV9yYBIImfL8k1vmpn/zZdf8=,sUM7aA/JHuTF/opNVyLhsTHghzE=
-19,4,hDBnV9yYBIImfL8k1vmpn/zZdf8=,44LR62ADS0PHDiiX/JezeVwfdBM=
-20,4,hDBnV9yYBIImfL8k1vmpn/zZdf8=,44LR62ADS0PHDiiX/JezeVwfdBM=
-18,4,hDBnV9yYBIImfL8k1vmpn/zZdf8=,44LR62ADS0PHDiiX/JezeVwfdBM=
-17,4,hDBnV9yYBIImfL8k1vmpn/zZdf8=,44LR62ADS0PHDiiX/JezeVwfdBM=
-24,11,hDBnV9yYBIImfL8k1vmpn/zZdf8=,3jloOVfd8esZnEYoaz+TWAz2xj8=
-20,5,hDBnV9yYBIImfL8k1vmpn/zZdf8=,44LR62ADS0PHDiiX/JezeVwfdBM=
-19,5,hDBnV9yYBIImfL8k1vmpn/zZdf8=,44LR62ADS0PHDiiX/JezeVwfdBM=
-17,5,hDBnV9yYBIImfL8k1vmpn/zZdf8=,44LR62ADS0PHDiiX/JezeVwfdBM=
-19,6,hDBnV9yYBIImfL8k1vmpn/zZdf8=,44LR62ADS0PHDiiX/JezeVwfdBM=
-20,6,hDBnV9yYBIImfL8k1vmpn/zZdf8=,44LR62ADS0PHDiiX/JezeVwfdBM=
-18,5,hDBnV9yYBIImfL8k1vmpn/zZdf8=,44LR62ADS0PHDiiX/JezeVwfdBM=
-17,6,hDBnV9yYBIImfL8k1vmpn/zZdf8=,44LR62ADS0PHDiiX/JezeVwfdBM=
-18,6,hDBnV9yYBIImfL8k1vmpn/zZdf8=,44LR62ADS0PHDiiX/JezeVwfdBM=
-23,11,hDBnV9yYBIImfL8k1vmpn/zZdf8=,3jloOVfd8esZnEYoaz+TWAz2xj8=
-22,5,hDBnV9yYBIImfL8k1vmpn/zZdf8=,44LR62ADS0PHDiiX/JezeVwfdBM=
-23,5,hDBnV9yYBIImfL8k1vmpn/zZdf8=,44LR62ADS0PHDiiX/JezeVwfdBM=
-21,4,hDBnV9yYBIImfL8k1vmpn/zZdf8=,44LR62ADS0PHDiiX/JezeVwfdBM=
-22,11,hDBnV9yYBIImfL8k1vmpn/zZdf8=,3jloOVfd8esZnEYoaz+TWAz2xj8=
-21,11,hDBnV9yYBIImfL8k1vmpn/zZdf8=,3jloOVfd8esZnEYoaz+TWAz2xj8=
-22,4,hDBnV9yYBIImfL8k1vmpn/zZdf8=,44LR62ADS0PHDiiX/JezeVwfdBM=
-23,4,hDBnV9yYBIImfL8k1vmpn/zZdf8=,44LR62ADS0PHDiiX/JezeVwfdBM=
-26,9,hDBnV9yYBIImfL8k1vmpn/zZdf8=,OV7pjC04ZCkcVx4AViDOo6w0/1g=
-25,9,hDBnV9yYBIImfL8k1vmpn/zZdf8=,OV7pjC04ZCkcVx4AViDOo6w0/1g=
-27,9,hDBnV9yYBIImfL8k1vmpn/zZdf8=,OV7pjC04ZCkcVx4AViDOo6w0/1g=
-28,11,hDBnV9yYBIImfL8k1vmpn/zZdf8=,OV7pjC04ZCkcVx4AViDOo6w0/1g=
-28,9,hDBnV9yYBIImfL8k1vmpn/zZdf8=,OV7pjC04ZCkcVx4AViDOo6w0/1g=
-23,8,hDBnV9yYBIImfL8k1vmpn/zZdf8=,3jloOVfd8esZnEYoaz+TWAz2xj8=
-27,11,hDBnV9yYBIImfL8k1vmpn/zZdf8=,OV7pjC04ZCkcVx4AViDOo6w0/1g=
-26,11,hDBnV9yYBIImfL8k1vmpn/zZdf8=,OV7pjC04ZCkcVx4AViDOo6w0/1g=
-22,8,hDBnV9yYBIImfL8k1vmpn/zZdf8=,3jloOVfd8esZnEYoaz+TWAz2xj8=
-27,10,hDBnV9yYBIImfL8k1vmpn/zZdf8=,OV7pjC04ZCkcVx4AViDOo6w0/1g=
-21,8,hDBnV9yYBIImfL8k1vmpn/zZdf8=,3jloOVfd8esZnEYoaz+TWAz2xj8=
-25,10,hDBnV9yYBIImfL8k1vmpn/zZdf8=,OV7pjC04ZCkcVx4AViDOo6w0/1g=
-26,10,hDBnV9yYBIImfL8k1vmpn/zZdf8=,OV7pjC04ZCkcVx4AViDOo6w0/1g=
-22,10,hDBnV9yYBIImfL8k1vmpn/zZdf8=,3jloOVfd8esZnEYoaz+TWAz2xj8=
-21,10,hDBnV9yYBIImfL8k1vmpn/zZdf8=,3jloOVfd8esZnEYoaz+TWAz2xj8=
-21,9,hDBnV9yYBIImfL8k1vmpn/zZdf8=,3jloOVfd8esZnEYoaz+TWAz2xj8=
-23,10,hDBnV9yYBIImfL8k1vmpn/zZdf8=,3jloOVfd8esZnEYoaz+TWAz2xj8=
-24,10,hDBnV9yYBIImfL8k1vmpn/zZdf8=,3jloOVfd8esZnEYoaz+TWAz2xj8=
-23,9,hDBnV9yYBIImfL8k1vmpn/zZdf8=,3jloOVfd8esZnEYoaz+TWAz2xj8=
-22,9,hDBnV9yYBIImfL8k1vmpn/zZdf8=,3jloOVfd8esZnEYoaz+TWAz2xj8=
-21,7,hDBnV9yYBIImfL8k1vmpn/zZdf8=,44LR62ADS0PHDiiX/JezeVwfdBM=
-25,11,hDBnV9yYBIImfL8k1vmpn/zZdf8=,OV7pjC04ZCkcVx4AViDOo6w0/1g=
-22,7,hDBnV9yYBIImfL8k1vmpn/zZdf8=,44LR62ADS0PHDiiX/JezeVwfdBM=
-23,7,hDBnV9yYBIImfL8k1vmpn/zZdf8=,44LR62ADS0PHDiiX/JezeVwfdBM=
-24,9,hDBnV9yYBIImfL8k1vmpn/zZdf8=,3jloOVfd8esZnEYoaz+TWAz2xj8=
-24,0,hDBnV9yYBIImfL8k1vmpn/zZdf8=,44LR62ADS0PHDiiX/JezeVwfdBM=
-23,1,hDBnV9yYBIImfL8k1vmpn/zZdf8=,44LR62ADS0PHDiiX/JezeVwfdBM=
-31,15,hDBnV9yYBIImfL8k1vmpn/zZdf8=,OV7pjC04ZCkcVx4AViDOo6w0/1g=
-21,3,hDBnV9yYBIImfL8k1vmpn/zZdf8=,44LR62ADS0PHDiiX/JezeVwfdBM=
-25,0,hDBnV9yYBIImfL8k1vmpn/zZdf8=,sUM7aA/JHuTF/opNVyLhsTHghzE=
-26,0,hDBnV9yYBIImfL8k1vmpn/zZdf8=,sUM7aA/JHuTF/opNVyLhsTHghzE=
-25,15,hDBnV9yYBIImfL8k1vmpn/zZdf8=,OV7pjC04ZCkcVx4AViDOo6w0/1g=
-27,0,hDBnV9yYBIImfL8k1vmpn/zZdf8=,sUM7aA/JHuTF/opNVyLhsTHghzE=
-24,15,hDBnV9yYBIImfL8k1vmpn/zZdf8=,3jloOVfd8esZnEYoaz+TWAz2xj8=
-32,8,S2X5u3O4G607Ojx8I2GiJOgL4Mw=,OV7pjC04ZCkcVx4AViDOo6w0/1g=
-26,15,S2X5u3O4G607Ojx8I2GiJOgL4Mw=,OV7pjC04ZCkcVx4AViDOo6w0/1g=
-27,15,S2X5u3O4G607Ojx8I2GiJOgL4Mw=,OV7pjC04ZCkcVx4AViDOo6w0/1g=
-28,0,S2X5u3O4G607Ojx8I2GiJOgL4Mw=,sUM7aA/JHuTF/opNVyLhsTHghzE=
-32,7,S2X5u3O4G607Ojx8I2GiJOgL4Mw=,sUM7aA/JHuTF/opNVyLhsTHghzE=
-32,14,S2X5u3O4G607Ojx8I2GiJOgL4Mw=,OV7pjC04ZCkcVx4AViDOo6w0/1g=
-28,15,S2X5u3O4G607Ojx8I2GiJOgL4Mw=,OV7pjC04ZCkcVx4AViDOo6w0/1g=
-21,15,S2X5u3O4G607Ojx8I2GiJOgL4Mw=,3jloOVfd8esZnEYoaz+TWAz2xj8=
-27,3,S2X5u3O4G607Ojx8I2GiJOgL4Mw=,sUM7aA/JHuTF/opNVyLhsTHghzE=
-26,3,S2X5u3O4G607Ojx8I2GiJOgL4Mw=,sUM7aA/JHuTF/opNVyLhsTHghzE=
-17,0,S2X5u3O4G607Ojx8I2GiJOgL4Mw=,44LR62ADS0PHDiiX/JezeVwfdBM=
-18,3,S2X5u3O4G607Ojx8I2GiJOgL4Mw=,44LR62ADS0PHDiiX/JezeVwfdBM=
-17,3,S2X5u3O4G607Ojx8I2GiJOgL4Mw=,44LR62ADS0PHDiiX/JezeVwfdBM=
-24,3,S2X5u3O4G607Ojx8I2GiJOgL4Mw=,44LR62ADS0PHDiiX/JezeVwfdBM=
-32,5,S2X5u3O4G607Ojx8I2GiJOgL4Mw=,sUM7aA/JHuTF/opNVyLhsTHghzE=
-22,15,S2X5u3O4G607Ojx8I2GiJOgL4Mw=,3jloOVfd8esZnEYoaz+TWAz2xj8=
-27,1,S2X5u3O4G607Ojx8I2GiJOgL4Mw=,sUM7aA/JHuTF/opNVyLhsTHghzE=
-28,2,S2X5u3O4G607Ojx8I2GiJOgL4Mw=,sUM7aA/JHuTF/opNVyLhsTHghzE=
-32,4,S2X5u3O4G607Ojx8I2GiJOgL4Mw=,sUM7aA/JHuTF/opNVyLhsTHghzE=
-32,6,S2X5u3O4G607Ojx8I2GiJOgL4Mw=,sUM7aA/JHuTF/opNVyLhsTHghzE=
-27,2,S2X5u3O4G607Ojx8I2GiJOgL4Mw=,sUM7aA/JHuTF/opNVyLhsTHghzE=
-26,2,S2X5u3O4G607Ojx8I2GiJOgL4Mw=,sUM7aA/JHuTF/opNVyLhsTHghzE=
-23,15,S2X5u3O4G607Ojx8I2GiJOgL4Mw=,3jloOVfd8esZnEYoaz+TWAz2xj8=
-29,7,S2X5u3O4G607Ojx8I2GiJOgL4Mw=,sUM7aA/JHuTF/opNVyLhsTHghzE=
-25,2,S2X5u3O4G607Ojx8I2GiJOgL4Mw=,sUM7aA/JHuTF/opNVyLhsTHghzE=
-25,1,S2X5u3O4G607Ojx8I2GiJOgL4Mw=,sUM7aA/JHuTF/opNVyLhsTHghzE=
-30,15,S2X5u3O4G607Ojx8I2GiJOgL4Mw=,OV7pjC04ZCkcVx4AViDOo6w0/1g=
-31,4,S2X5u3O4G607Ojx8I2GiJOgL4Mw=,sUM7aA/JHuTF/opNVyLhsTHghzE=
-22,3,S2X5u3O4G607Ojx8I2GiJOgL4Mw=,44LR62ADS0PHDiiX/JezeVwfdBM=
-24,12,S2X5u3O4G607Ojx8I2GiJOgL4Mw=,3jloOVfd8esZnEYoaz+TWAz2xj8=
-27,14,S2X5u3O4G607Ojx8I2GiJOgL4Mw=,OV7pjC04ZCkcVx4AViDOo6w0/1g=
-26,14,S2X5u3O4G607Ojx8I2GiJOgL4Mw=,OV7pjC04ZCkcVx4AViDOo6w0/1g=
-28,14,S2X5u3O4G607Ojx8I2GiJOgL4Mw=,OV7pjC04ZCkcVx4AViDOo6w0/1g=
-31,5,S2X5u3O4G607Ojx8I2GiJOgL4Mw=,sUM7aA/JHuTF/opNVyLhsTHghzE=
-23,2,S2X5u3O4G607Ojx8I2GiJOgL4Mw=,44LR62ADS0PHDiiX/JezeVwfdBM=
-23,3,S2X5u3O4G607Ojx8I2GiJOgL4Mw=,44LR62ADS0PHDiiX/JezeVwfdBM=
-23,12,S2X5u3O4G607Ojx8I2GiJOgL4Mw=,3jloOVfd8esZnEYoaz+TWAz2xj8=
-30,4,S2X5u3O4G607Ojx8I2GiJOgL4Mw=,sUM7aA/JHuTF/opNVyLhsTHghzE=
-28,1,S2X5u3O4G607Ojx8I2GiJOgL4Mw=,sUM7aA/JHuTF/opNVyLhsTHghzE=
-28,3,S2X5u3O4G607Ojx8I2GiJOgL4Mw=,sUM7aA/JHuTF/opNVyLhsTHghzE=
-22,12,S2X5u3O4G607Ojx8I2GiJOgL4Mw=,3jloOVfd8esZnEYoaz+TWAz2xj8=
-26,1,S2X5u3O4G607Ojx8I2GiJOgL4Mw=,sUM7aA/JHuTF/opNVyLhsTHghzE=
-25,14,S2X5u3O4G607Ojx8I2GiJOgL4Mw=,OV7pjC04ZCkcVx4AViDOo6w0/1g=
-30,5,S2X5u3O4G607Ojx8I2GiJOgL4Mw=,sUM7aA/JHuTF/opNVyLhsTHghzE=
-24,2,S2X5u3O4G607Ojx8I2GiJOgL4Mw=,44LR62ADS0PHDiiX/JezeVwfdBM=
-29,5,S2X5u3O4G607Ojx8I2GiJOgL4Mw=,sUM7aA/JHuTF/opNVyLhsTHghzE=
-21,12,S2X5u3O4G607Ojx8I2GiJOgL4Mw=,3jloOVfd8esZnEYoaz+TWAz2xj8=
-24,13,S2X5u3O4G607Ojx8I2GiJOgL4Mw=,3jloOVfd8esZnEYoaz+TWAz2xj8=
-30,7,S2X5u3O4G607Ojx8I2GiJOgL4Mw=,sUM7aA/JHuTF/opNVyLhsTHghzE=
-32,0,S2X5u3O4G607Ojx8I2GiJOgL4Mw=,sUM7aA/JHuTF/opNVyLhsTHghzE=
-26,13,S2X5u3O4G607Ojx8I2GiJOgL4Mw=,OV7pjC04ZCkcVx4AViDOo6w0/1g=
-23,13,S2X5u3O4G607Ojx8I2GiJOgL4Mw=,3jloOVfd8esZnEYoaz+TWAz2xj8=
-31,7,S2X5u3O4G607Ojx8I2GiJOgL4Mw=,sUM7aA/JHuTF/opNVyLhsTHghzE=
-27,13,S2X5u3O4G607Ojx8I2GiJOgL4Mw=,OV7pjC04ZCkcVx4AViDOo6w0/1g=
-22,13,S2X5u3O4G607Ojx8I2GiJOgL4Mw=,3jloOVfd8esZnEYoaz+TWAz2xj8=
-17,15,S2X5u3O4G607Ojx8I2GiJOgL4Mw=,3jloOVfd8esZnEYoaz+TWAz2xj8=
-31,1,S2X5u3O4G607Ojx8I2GiJOgL4Mw=,sUM7aA/JHuTF/opNVyLhsTHghzE=
-17,13,S2X5u3O4G607Ojx8I2GiJOgL4Mw=,3jloOVfd8esZnEYoaz+TWAz2xj8=
-29,4,S2X5u3O4G607Ojx8I2GiJOgL4Mw=,sUM7aA/JHuTF/opNVyLhsTHghzE=
-29,0,S2X5u3O4G607Ojx8I2GiJOgL4Mw=,sUM7aA/JHuTF/opNVyLhsTHghzE=
-30,1,S2X5u3O4G607Ojx8I2GiJOgL4Mw=,sUM7aA/JHuTF/opNVyLhsTHghzE=
-21,13,S2X5u3O4G607Ojx8I2GiJOgL4Mw=,3jloOVfd8esZnEYoaz+TWAz2xj8=
-24,14,S2X5u3O4G607Ojx8I2GiJOgL4Mw=,3jloOVfd8esZnEYoaz+TWAz2xj8=
-17,14,S2X5u3O4G607Ojx8I2GiJOgL4Mw=,3jloOVfd8esZnEYoaz+TWAz2xj8=
-30,0,S2X5u3O4G607Ojx8I2GiJOgL4Mw=,sUM7aA/JHuTF/opNVyLhsTHghzE=
-29,6,V4LtnLAvAifUqjNG5RiY4vsPXC8=,sUM7aA/JHuTF/opNVyLhsTHghzE=
-17,12,V4LtnLAvAifUqjNG5RiY4vsPXC8=,3jloOVfd8esZnEYoaz+TWAz2xj8=
-23,14,V4LtnLAvAifUqjNG5RiY4vsPXC8=,3jloOVfd8esZnEYoaz+TWAz2xj8=
-22,14,V4LtnLAvAifUqjNG5RiY4vsPXC8=,3jloOVfd8esZnEYoaz+TWAz2xj8=
-18,15,V4LtnLAvAifUqjNG5RiY4vsPXC8=,3jloOVfd8esZnEYoaz+TWAz2xj8=
-30,6,V4LtnLAvAifUqjNG5RiY4vsPXC8=,sUM7aA/JHuTF/opNVyLhsTHghzE=
-21,14,V4LtnLAvAifUqjNG5RiY4vsPXC8=,3jloOVfd8esZnEYoaz+TWAz2xj8=
-31,0,V4LtnLAvAifUqjNG5RiY4vsPXC8=,sUM7aA/JHuTF/opNVyLhsTHghzE=
-31,6,V4LtnLAvAifUqjNG5RiY4vsPXC8=,sUM7aA/JHuTF/opNVyLhsTHghzE=
-25,13,V4LtnLAvAifUqjNG5RiY4vsPXC8=,OV7pjC04ZCkcVx4AViDOo6w0/1g=
-32,9,V4LtnLAvAifUqjNG5RiY4vsPXC8=,OV7pjC04ZCkcVx4AViDOo6w0/1g=
-29,15,V4LtnLAvAifUqjNG5RiY4vsPXC8=,OV7pjC04ZCkcVx4AViDOo6w0/1g=
-19,15,V4LtnLAvAifUqjNG5RiY4vsPXC8=,3jloOVfd8esZnEYoaz+TWAz2xj8=
-25,12,V4LtnLAvAifUqjNG5RiY4vsPXC8=,OV7pjC04ZCkcVx4AViDOo6w0/1g=
-32,3,V4LtnLAvAifUqjNG5RiY4vsPXC8=,sUM7aA/JHuTF/opNVyLhsTHghzE=
-28,12,V4LtnLAvAifUqjNG5RiY4vsPXC8=,OV7pjC04ZCkcVx4AViDOo6w0/1g=
-32,13,V4LtnLAvAifUqjNG5RiY4vsPXC8=,OV7pjC04ZCkcVx4AViDOo6w0/1g=
-32,12,V4LtnLAvAifUqjNG5RiY4vsPXC8=,OV7pjC04ZCkcVx4AViDOo6w0/1g=
-32,2,V4LtnLAvAifUqjNG5RiY4vsPXC8=,sUM7aA/JHuTF/opNVyLhsTHghzE=
-20,15,V4LtnLAvAifUqjNG5RiY4vsPXC8=,3jloOVfd8esZnEYoaz+TWAz2xj8=
-32,11,V4LtnLAvAifUqjNG5RiY4vsPXC8=,OV7pjC04ZCkcVx4AViDOo6w0/1g=
-27,12,V4LtnLAvAifUqjNG5RiY4vsPXC8=,OV7pjC04ZCkcVx4AViDOo6w0/1g=
-26,12,V4LtnLAvAifUqjNG5RiY4vsPXC8=,OV7pjC04ZCkcVx4AViDOo6w0/1g=
-20,13,V4LtnLAvAifUqjNG5RiY4vsPXC8=,3jloOVfd8esZnEYoaz+TWAz2xj8=
-32,1,V4LtnLAvAifUqjNG5RiY4vsPXC8=,sUM7aA/JHuTF/opNVyLhsTHghzE=
-32,10,V4LtnLAvAifUqjNG5RiY4vsPXC8=,OV7pjC04ZCkcVx4AViDOo6w0/1g=
-28,13,V4LtnLAvAifUqjNG5RiY4vsPXC8=,OV7pjC04ZCkcVx4AViDOo6w0/1g=
-32,15,V4LtnLAvAifUqjNG5RiY4vsPXC8=,OV7pjC04ZCkcVx4AViDOo6w0/1g=
-29,8,V4LtnLAvAifUqjNG5RiY4vsPXC8=,OV7pjC04ZCkcVx4AViDOo6w0/1g=
-19,13,V4LtnLAvAifUqjNG5RiY4vsPXC8=,3jloOVfd8esZnEYoaz+TWAz2xj8=
-30,8,V4LtnLAvAifUqjNG5RiY4vsPXC8=,OV7pjC04ZCkcVx4AViDOo6w0/1g=
-31,8,V4LtnLAvAifUqjNG5RiY4vsPXC8=,OV7pjC04ZCkcVx4AViDOo6w0/1g=
-31,10,V4LtnLAvAifUqjNG5RiY4vsPXC8=,OV7pjC04ZCkcVx4AViDOo6w0/1g=
-30,10,V4LtnLAvAifUqjNG5RiY4vsPXC8=,OV7pjC04ZCkcVx4AViDOo6w0/1g=
-18,13,V4LtnLAvAifUqjNG5RiY4vsPXC8=,3jloOVfd8esZnEYoaz+TWAz2xj8=
-31,11,V4LtnLAvAifUqjNG5RiY4vsPXC8=,OV7pjC04ZCkcVx4AViDOo6w0/1g=
-18,14,V4LtnLAvAifUqjNG5RiY4vsPXC8=,3jloOVfd8esZnEYoaz+TWAz2xj8=
-19,14,V4LtnLAvAifUqjNG5RiY4vsPXC8=,3jloOVfd8esZnEYoaz+TWAz2xj8=
-29,1,V4LtnLAvAifUqjNG5RiY4vsPXC8=,sUM7aA/JHuTF/opNVyLhsTHghzE=
-30,11,V4LtnLAvAifUqjNG5RiY4vsPXC8=,OV7pjC04ZCkcVx4AViDOo6w0/1g=
-30,3,V4LtnLAvAifUqjNG5RiY4vsPXC8=,sUM7aA/JHuTF/opNVyLhsTHghzE=
-29,10,V4LtnLAvAifUqjNG5RiY4vsPXC8=,OV7pjC04ZCkcVx4AViDOo6w0/1g=
-20,14,V4LtnLAvAifUqjNG5RiY4vsPXC8=,3jloOVfd8esZnEYoaz+TWAz2xj8=
-29,11,V4LtnLAvAifUqjNG5RiY4vsPXC8=,OV7pjC04ZCkcVx4AViDOo6w0/1g=
-31,12,V4LtnLAvAifUqjNG5RiY4vsPXC8=,OV7pjC04ZCkcVx4AViDOo6w0/1g=
-29,3,V4LtnLAvAifUqjNG5RiY4vsPXC8=,sUM7aA/JHuTF/opNVyLhsTHghzE=
-30,2,V4LtnLAvAifUqjNG5RiY4vsPXC8=,sUM7aA/JHuTF/opNVyLhsTHghzE=
-29,14,V4LtnLAvAifUqjNG5RiY4vsPXC8=,OV7pjC04ZCkcVx4AViDOo6w0/1g=
-31,3,V4LtnLAvAifUqjNG5RiY4vsPXC8=,sUM7aA/JHuTF/opNVyLhsTHghzE=
-29,13,V4LtnLAvAifUqjNG5RiY4vsPXC8=,OV7pjC04ZCkcVx4AViDOo6w0/1g=
-31,2,V4LtnLAvAifUqjNG5RiY4vsPXC8=,sUM7aA/JHuTF/opNVyLhsTHghzE=
-29,2,V4LtnLAvAifUqjNG5RiY4vsPXC8=,sUM7aA/JHuTF/opNVyLhsTHghzE=
-30,12,V4LtnLAvAifUqjNG5RiY4vsPXC8=,OV7pjC04ZCkcVx4AViDOo6w0/1g=
-30,13,V4LtnLAvAifUqjNG5RiY4vsPXC8=,OV7pjC04ZCkcVx4AViDOo6w0/1g=
-29,12,V4LtnLAvAifUqjNG5RiY4vsPXC8=,OV7pjC04ZCkcVx4AViDOo6w0/1g=
-31,13,V4LtnLAvAifUqjNG5RiY4vsPXC8=,OV7pjC04ZCkcVx4AViDOo6w0/1g=
-28,19,4ij0KiDRKGDBN5An2a/BtWlNzCM=,fQ6w62Udwqg53Ts89t4WsEFeJis=
-27,22,4ij0KiDRKGDBN5An2a/BtWlNzCM=,fQ6w62Udwqg53Ts89t4WsEFeJis=
-26,17,4ij0KiDRKGDBN5An2a/BtWlNzCM=,fQ6w62Udwqg53Ts89t4WsEFeJis=
-28,21,4ij0KiDRKGDBN5An2a/BtWlNzCM=,fQ6w62Udwqg53Ts89t4WsEFeJis=
-27,21,4ij0KiDRKGDBN5An2a/BtWlNzCM=,fQ6w62Udwqg53Ts89t4WsEFeJis=
-27,17,4ij0KiDRKGDBN5An2a/BtWlNzCM=,fQ6w62Udwqg53Ts89t4WsEFeJis=
-28,22,4ij0KiDRKGDBN5An2a/BtWlNzCM=,fQ6w62Udwqg53Ts89t4WsEFeJis=
-29,21,4ij0KiDRKGDBN5An2a/BtWlNzCM=,fQ6w62Udwqg53Ts89t4WsEFeJis=
-27,20,4ij0KiDRKGDBN5An2a/BtWlNzCM=,fQ6w62Udwqg53Ts89t4WsEFeJis=
-28,20,4ij0KiDRKGDBN5An2a/BtWlNzCM=,fQ6w62Udwqg53Ts89t4WsEFeJis=
-29,20,4ij0KiDRKGDBN5An2a/BtWlNzCM=,fQ6w62Udwqg53Ts89t4WsEFeJis=
-26,18,4ij0KiDRKGDBN5An2a/BtWlNzCM=,fQ6w62Udwqg53Ts89t4WsEFeJis=
-26,22,4ij0KiDRKGDBN5An2a/BtWlNzCM=,fQ6w62Udwqg53Ts89t4WsEFeJis=
-27,18,4ij0KiDRKGDBN5An2a/BtWlNzCM=,fQ6w62Udwqg53Ts89t4WsEFeJis=
-28,18,4ij0KiDRKGDBN5An2a/BtWlNzCM=,fQ6w62Udwqg53Ts89t4WsEFeJis=
-29,22,4ij0KiDRKGDBN5An2a/BtWlNzCM=,fQ6w62Udwqg53Ts89t4WsEFeJis=
-26,21,4ij0KiDRKGDBN5An2a/BtWlNzCM=,fQ6w62Udwqg53Ts89t4WsEFeJis=
-26,20,4ij0KiDRKGDBN5An2a/BtWlNzCM=,fQ6w62Udwqg53Ts89t4WsEFeJis=
-26,19,4ij0KiDRKGDBN5An2a/BtWlNzCM=,fQ6w62Udwqg53Ts89t4WsEFeJis=
-27,19,4ij0KiDRKGDBN5An2a/BtWlNzCM=,fQ6w62Udwqg53Ts89t4WsEFeJis=
-19,26,4ij0KiDRKGDBN5An2a/BtWlNzCM=,nSNqz+TTcNoV99EEc0If/lriguk=
-20,27,4ij0KiDRKGDBN5An2a/BtWlNzCM=,nSNqz+TTcNoV99EEc0If/lriguk=
-19,27,4ij0KiDRKGDBN5An2a/BtWlNzCM=,nSNqz+TTcNoV99EEc0If/lriguk=
-18,27,4ij0KiDRKGDBN5An2a/BtWlNzCM=,nSNqz+TTcNoV99EEc0If/lriguk=
-21,28,4ij0KiDRKGDBN5An2a/BtWlNzCM=,nSNqz+TTcNoV99EEc0If/lriguk=
-20,28,4ij0KiDRKGDBN5An2a/BtWlNzCM=,nSNqz+TTcNoV99EEc0If/lriguk=
-19,28,4ij0KiDRKGDBN5An2a/BtWlNzCM=,nSNqz+TTcNoV99EEc0If/lriguk=
-21,29,4ij0KiDRKGDBN5An2a/BtWlNzCM=,nSNqz+TTcNoV99EEc0If/lriguk=
-20,29,4ij0KiDRKGDBN5An2a/BtWlNzCM=,nSNqz+TTcNoV99EEc0If/lriguk=
-19,29,4ij0KiDRKGDBN5An2a/BtWlNzCM=,nSNqz+TTcNoV99EEc0If/lriguk=
-21,30,4ij0KiDRKGDBN5An2a/BtWlNzCM=,nSNqz+TTcNoV99EEc0If/lriguk=
-18,30,4ij0KiDRKGDBN5An2a/BtWlNzCM=,nSNqz+TTcNoV99EEc0If/lriguk=
-19,30,4ij0KiDRKGDBN5An2a/BtWlNzCM=,nSNqz+TTcNoV99EEc0If/lriguk=
-20,30,4ij0KiDRKGDBN5An2a/BtWlNzCM=,nSNqz+TTcNoV99EEc0If/lriguk=
-21,31,4ij0KiDRKGDBN5An2a/BtWlNzCM=,nSNqz+TTcNoV99EEc0If/lriguk=
-19,31,4ij0KiDRKGDBN5An2a/BtWlNzCM=,nSNqz+TTcNoV99EEc0If/lriguk=
-18,31,4ij0KiDRKGDBN5An2a/BtWlNzCM=,nSNqz+TTcNoV99EEc0If/lriguk=
-30,25,4ij0KiDRKGDBN5An2a/BtWlNzCM=,o5jAdcPt3IRp48XdqYw4sChLqik=
-29,25,4ij0KiDRKGDBN5An2a/BtWlNzCM=,o5jAdcPt3IRp48XdqYw4sChLqik=
-28,25,4ij0KiDRKGDBN5An2a/BtWlNzCM=,o5jAdcPt3IRp48XdqYw4sChLqik=
-27,25,4ij0KiDRKGDBN5An2a/BtWlNzCM=,o5jAdcPt3IRp48XdqYw4sChLqik=
-26,25,4ij0KiDRKGDBN5An2a/BtWlNzCM=,o5jAdcPt3IRp48XdqYw4sChLqik=
-25,25,4ij0KiDRKGDBN5An2a/BtWlNzCM=,o5jAdcPt3IRp48XdqYw4sChLqik=
-31,24,4ij0KiDRKGDBN5An2a/BtWlNzCM=,o5jAdcPt3IRp48XdqYw4sChLqik=
-30,24,4ij0KiDRKGDBN5An2a/BtWlNzCM=,o5jAdcPt3IRp48XdqYw4sChLqik=
-30,26,4ij0KiDRKGDBN5An2a/BtWlNzCM=,o5jAdcPt3IRp48XdqYw4sChLqik=
-29,26,4ij0KiDRKGDBN5An2a/BtWlNzCM=,o5jAdcPt3IRp48XdqYw4sChLqik=
-29,24,4ij0KiDRKGDBN5An2a/BtWlNzCM=,o5jAdcPt3IRp48XdqYw4sChLqik=
-28,26,4ij0KiDRKGDBN5An2a/BtWlNzCM=,o5jAdcPt3IRp48XdqYw4sChLqik=
-28,24,4ij0KiDRKGDBN5An2a/BtWlNzCM=,o5jAdcPt3IRp48XdqYw4sChLqik=
-27,24,4ij0KiDRKGDBN5An2a/BtWlNzCM=,o5jAdcPt3IRp48XdqYw4sChLqik=
-27,26,4ij0KiDRKGDBN5An2a/BtWlNzCM=,o5jAdcPt3IRp48XdqYw4sChLqik=
-26,26,4ij0KiDRKGDBN5An2a/BtWlNzCM=,o5jAdcPt3IRp48XdqYw4sChLqik=
-25,26,4ij0KiDRKGDBN5An2a/BtWlNzCM=,o5jAdcPt3IRp48XdqYw4sChLqik=
-31,27,4ij0KiDRKGDBN5An2a/BtWlNzCM=,o5jAdcPt3IRp48XdqYw4sChLqik=
-30,27,4ij0KiDRKGDBN5An2a/BtWlNzCM=,o5jAdcPt3IRp48XdqYw4sChLqik=
-29,27,4ij0KiDRKGDBN5An2a/BtWlNzCM=,o5jAdcPt3IRp48XdqYw4sChLqik=
-28,27,4ij0KiDRKGDBN5An2a/BtWlNzCM=,o5jAdcPt3IRp48XdqYw4sChLqik=
-27,27,4ij0KiDRKGDBN5An2a/BtWlNzCM=,o5jAdcPt3IRp48XdqYw4sChLqik=
-25,27,4ij0KiDRKGDBN5An2a/BtWlNzCM=,o5jAdcPt3IRp48XdqYw4sChLqik=
-29,28,4ij0KiDRKGDBN5An2a/BtWlNzCM=,o5jAdcPt3IRp48XdqYw4sChLqik=
-26,24,4ij0KiDRKGDBN5An2a/BtWlNzCM=,o5jAdcPt3IRp48XdqYw4sChLqik=
-28,29,4ij0KiDRKGDBN5An2a/BtWlNzCM=,o5jAdcPt3IRp48XdqYw4sChLqik=
-31,30,4ij0KiDRKGDBN5An2a/BtWlNzCM=,o5jAdcPt3IRp48XdqYw4sChLqik=
-29,23,4ij0KiDRKGDBN5An2a/BtWlNzCM=,fQ6w62Udwqg53Ts89t4WsEFeJis=
-28,23,4ij0KiDRKGDBN5An2a/BtWlNzCM=,fQ6w62Udwqg53Ts89t4WsEFeJis=
-27,23,4ij0KiDRKGDBN5An2a/BtWlNzCM=,fQ6w62Udwqg53Ts89t4WsEFeJis=
-26,23,4ij0KiDRKGDBN5An2a/BtWlNzCM=,fQ6w62Udwqg53Ts89t4WsEFeJis=
-25,19,4ij0KiDRKGDBN5An2a/BtWlNzCM=,fQ6w62Udwqg53Ts89t4WsEFeJis=
-25,20,4ij0KiDRKGDBN5An2a/BtWlNzCM=,fQ6w62Udwqg53Ts89t4WsEFeJis=
-25,21,15v4CewAwu+ug9+UPWePt5Nc5mQ=,fQ6w62Udwqg53Ts89t4WsEFeJis=
-25,24,15v4CewAwu+ug9+UPWePt5Nc5mQ=,o5jAdcPt3IRp48XdqYw4sChLqik=
-21,22,15v4CewAwu+ug9+UPWePt5Nc5mQ=,DTXfYZutXX/3I4os1voUReA4CWA=
-22,22,15v4CewAwu+ug9+UPWePt5Nc5mQ=,DTXfYZutXX/3I4os1voUReA4CWA=
-25,23,15v4CewAwu+ug9+UPWePt5Nc5mQ=,fQ6w62Udwqg53Ts89t4WsEFeJis=
-23,22,15v4CewAwu+ug9+UPWePt5Nc5mQ=,DTXfYZutXX/3I4os1voUReA4CWA=
-25,17,15v4CewAwu+ug9+UPWePt5Nc5mQ=,fQ6w62Udwqg53Ts89t4WsEFeJis=
-23,24,15v4CewAwu+ug9+UPWePt5Nc5mQ=,nSNqz+TTcNoV99EEc0If/lriguk=
-24,22,15v4CewAwu+ug9+UPWePt5Nc5mQ=,DTXfYZutXX/3I4os1voUReA4CWA=
-24,24,15v4CewAwu+ug9+UPWePt5Nc5mQ=,nSNqz+TTcNoV99EEc0If/lriguk=
-21,21,15v4CewAwu+ug9+UPWePt5Nc5mQ=,DTXfYZutXX/3I4os1voUReA4CWA=
-22,21,15v4CewAwu+ug9+UPWePt5Nc5mQ=,DTXfYZutXX/3I4os1voUReA4CWA=
-23,21,15v4CewAwu+ug9+UPWePt5Nc5mQ=,DTXfYZutXX/3I4os1voUReA4CWA=
-24,21,15v4CewAwu+ug9+UPWePt5Nc5mQ=,DTXfYZutXX/3I4os1voUReA4CWA=
-21,20,15v4CewAwu+ug9+UPWePt5Nc5mQ=,DTXfYZutXX/3I4os1voUReA4CWA=
-22,20,15v4CewAwu+ug9+UPWePt5Nc5mQ=,DTXfYZutXX/3I4os1voUReA4CWA=
-23,20,15v4CewAwu+ug9+UPWePt5Nc5mQ=,DTXfYZutXX/3I4os1voUReA4CWA=
-24,20,15v4CewAwu+ug9+UPWePt5Nc5mQ=,DTXfYZutXX/3I4os1voUReA4CWA=
-22,24,15v4CewAwu+ug9+UPWePt5Nc5mQ=,nSNqz+TTcNoV99EEc0If/lriguk=
-23,26,15v4CewAwu+ug9+UPWePt5Nc5mQ=,nSNqz+TTcNoV99EEc0If/lriguk=
-21,24,15v4CewAwu+ug9+UPWePt5Nc5mQ=,nSNqz+TTcNoV99EEc0If/lriguk=
-24,25,15v4CewAwu+ug9+UPWePt5Nc5mQ=,nSNqz+TTcNoV99EEc0If/lriguk=
-26,27,15v4CewAwu+ug9+UPWePt5Nc5mQ=,o5jAdcPt3IRp48XdqYw4sChLqik=
-24,27,15v4CewAwu+ug9+UPWePt5Nc5mQ=,nSNqz+TTcNoV99EEc0If/lriguk=
-24,26,15v4CewAwu+ug9+UPWePt5Nc5mQ=,nSNqz+TTcNoV99EEc0If/lriguk=
-23,25,15v4CewAwu+ug9+UPWePt5Nc5mQ=,nSNqz+TTcNoV99EEc0If/lriguk=
-21,19,15v4CewAwu+ug9+UPWePt5Nc5mQ=,DTXfYZutXX/3I4os1voUReA4CWA=
-22,19,15v4CewAwu+ug9+UPWePt5Nc5mQ=,DTXfYZutXX/3I4os1voUReA4CWA=
-23,19,15v4CewAwu+ug9+UPWePt5Nc5mQ=,DTXfYZutXX/3I4os1voUReA4CWA=
-24,19,15v4CewAwu+ug9+UPWePt5Nc5mQ=,DTXfYZutXX/3I4os1voUReA4CWA=
-22,25,15v4CewAwu+ug9+UPWePt5Nc5mQ=,nSNqz+TTcNoV99EEc0If/lriguk=
-21,25,15v4CewAwu+ug9+UPWePt5Nc5mQ=,nSNqz+TTcNoV99EEc0If/lriguk=
-24,17,15v4CewAwu+ug9+UPWePt5Nc5mQ=,DTXfYZutXX/3I4os1voUReA4CWA=
-21,27,15v4CewAwu+ug9+UPWePt5Nc5mQ=,nSNqz+TTcNoV99EEc0If/lriguk=
-22,26,15v4CewAwu+ug9+UPWePt5Nc5mQ=,nSNqz+TTcNoV99EEc0If/lriguk=
-22,27,15v4CewAwu+ug9+UPWePt5Nc5mQ=,nSNqz+TTcNoV99EEc0If/lriguk=
-27,16,15v4CewAwu+ug9+UPWePt5Nc5mQ=,fQ6w62Udwqg53Ts89t4WsEFeJis=
-26,16,15v4CewAwu+ug9+UPWePt5Nc5mQ=,fQ6w62Udwqg53Ts89t4WsEFeJis=
-23,27,15v4CewAwu+ug9+UPWePt5Nc5mQ=,nSNqz+TTcNoV99EEc0If/lriguk=
-21,26,15v4CewAwu+ug9+UPWePt5Nc5mQ=,nSNqz+TTcNoV99EEc0If/lriguk=
-18,23,15v4CewAwu+ug9+UPWePt5Nc5mQ=,DTXfYZutXX/3I4os1voUReA4CWA=
-19,23,15v4CewAwu+ug9+UPWePt5Nc5mQ=,DTXfYZutXX/3I4os1voUReA4CWA=
-22,18,15v4CewAwu+ug9+UPWePt5Nc5mQ=,DTXfYZutXX/3I4os1voUReA4CWA=
-17,31,15v4CewAwu+ug9+UPWePt5Nc5mQ=,nSNqz+TTcNoV99EEc0If/lriguk=
-23,17,15v4CewAwu+ug9+UPWePt5Nc5mQ=,DTXfYZutXX/3I4os1voUReA4CWA=
-24,23,15v4CewAwu+ug9+UPWePt5Nc5mQ=,DTXfYZutXX/3I4os1voUReA4CWA=
-17,23,15v4CewAwu+ug9+UPWePt5Nc5mQ=,DTXfYZutXX/3I4os1voUReA4CWA=
-20,20,15v4CewAwu+ug9+UPWePt5Nc5mQ=,DTXfYZutXX/3I4os1voUReA4CWA=
-17,24,15v4CewAwu+ug9+UPWePt5Nc5mQ=,nSNqz+TTcNoV99EEc0If/lriguk=
-25,22,15v4CewAwu+ug9+UPWePt5Nc5mQ=,fQ6w62Udwqg53Ts89t4WsEFeJis=
-23,23,15v4CewAwu+ug9+UPWePt5Nc5mQ=,DTXfYZutXX/3I4os1voUReA4CWA=
-22,23,15v4CewAwu+ug9+UPWePt5Nc5mQ=,DTXfYZutXX/3I4os1voUReA4CWA=
-19,20,15v4CewAwu+ug9+UPWePt5Nc5mQ=,DTXfYZutXX/3I4os1voUReA4CWA=
-21,23,15v4CewAwu+ug9+UPWePt5Nc5mQ=,DTXfYZutXX/3I4os1voUReA4CWA=
-17,30,15v4CewAwu+ug9+UPWePt5Nc5mQ=,nSNqz+TTcNoV99EEc0If/lriguk=
-20,23,15v4CewAwu+ug9+UPWePt5Nc5mQ=,DTXfYZutXX/3I4os1voUReA4CWA=
-25,18,15v4CewAwu+ug9+UPWePt5Nc5mQ=,fQ6w62Udwqg53Ts89t4WsEFeJis=
-17,29,15v4CewAwu+ug9+UPWePt5Nc5mQ=,nSNqz+TTcNoV99EEc0If/lriguk=
-18,20,15v4CewAwu+ug9+UPWePt5Nc5mQ=,DTXfYZutXX/3I4os1voUReA4CWA=
-24,18,15v4CewAwu+ug9+UPWePt5Nc5mQ=,DTXfYZutXX/3I4os1voUReA4CWA=
-23,18,15v4CewAwu+ug9+UPWePt5Nc5mQ=,DTXfYZutXX/3I4os1voUReA4CWA=
-17,20,15v4CewAwu+ug9+UPWePt5Nc5mQ=,DTXfYZutXX/3I4os1voUReA4CWA=
-20,21,15v4CewAwu+ug9+UPWePt5Nc5mQ=,DTXfYZutXX/3I4os1voUReA4CWA=
-17,28,15v4CewAwu+ug9+UPWePt5Nc5mQ=,nSNqz+TTcNoV99EEc0If/lriguk=
-19,21,15v4CewAwu+ug9+UPWePt5Nc5mQ=,DTXfYZutXX/3I4os1voUReA4CWA=
-32,25,15v4CewAwu+ug9+UPWePt5Nc5mQ=,o5jAdcPt3IRp48XdqYw4sChLqik=
-32,27,15v4CewAwu+ug9+UPWePt5Nc5mQ=,o5jAdcPt3IRp48XdqYw4sChLqik=
-32,28,15v4CewAwu+ug9+UPWePt5Nc5mQ=,o5jAdcPt3IRp48XdqYw4sChLqik=
-32,29,15v4CewAwu+ug9+UPWePt5Nc5mQ=,o5jAdcPt3IRp48XdqYw4sChLqik=
-32,30,15v4CewAwu+ug9+UPWePt5Nc5mQ=,o5jAdcPt3IRp48XdqYw4sChLqik=
-17,27,15v4CewAwu+ug9+UPWePt5Nc5mQ=,nSNqz+TTcNoV99EEc0If/lriguk=
-18,21,15v4CewAwu+ug9+UPWePt5Nc5mQ=,DTXfYZutXX/3I4os1voUReA4CWA=
-17,21,15v4CewAwu+ug9+UPWePt5Nc5mQ=,DTXfYZutXX/3I4os1voUReA4CWA=
-17,26,15v4CewAwu+ug9+UPWePt5Nc5mQ=,nSNqz+TTcNoV99EEc0If/lriguk=
-17,22,15v4CewAwu+ug9+UPWePt5Nc5mQ=,DTXfYZutXX/3I4os1voUReA4CWA=
-28,16,15v4CewAwu+ug9+UPWePt5Nc5mQ=,fQ6w62Udwqg53Ts89t4WsEFeJis=
-28,17,15v4CewAwu+ug9+UPWePt5Nc5mQ=,fQ6w62Udwqg53Ts89t4WsEFeJis=
-17,25,15v4CewAwu+ug9+UPWePt5Nc5mQ=,nSNqz+TTcNoV99EEc0If/lriguk=
-25,16,15v4CewAwu+ug9+UPWePt5Nc5mQ=,fQ6w62Udwqg53Ts89t4WsEFeJis=
-20,24,15v4CewAwu+ug9+UPWePt5Nc5mQ=,nSNqz+TTcNoV99EEc0If/lriguk=
-18,22,15v4CewAwu+ug9+UPWePt5Nc5mQ=,DTXfYZutXX/3I4os1voUReA4CWA=
-19,24,15v4CewAwu+ug9+UPWePt5Nc5mQ=,nSNqz+TTcNoV99EEc0If/lriguk=
-18,24,15v4CewAwu+ug9+UPWePt5Nc5mQ=,nSNqz+TTcNoV99EEc0If/lriguk=
-20,31,15v4CewAwu+ug9+UPWePt5Nc5mQ=,nSNqz+TTcNoV99EEc0If/lriguk=
-17,16,15v4CewAwu+ug9+UPWePt5Nc5mQ=,DTXfYZutXX/3I4os1voUReA4CWA=
-18,29,15v4CewAwu+ug9+UPWePt5Nc5mQ=,nSNqz+TTcNoV99EEc0If/lriguk=
-18,28,15v4CewAwu+ug9+UPWePt5Nc5mQ=,nSNqz+TTcNoV99EEc0If/lriguk=
-21,16,15v4CewAwu+ug9+UPWePt5Nc5mQ=,DTXfYZutXX/3I4os1voUReA4CWA=
-19,22,15v4CewAwu+ug9+UPWePt5Nc5mQ=,DTXfYZutXX/3I4os1voUReA4CWA=
-18,26,15v4CewAwu+ug9+UPWePt5Nc5mQ=,nSNqz+TTcNoV99EEc0If/lriguk=
-20,26,15v4CewAwu+ug9+UPWePt5Nc5mQ=,nSNqz+TTcNoV99EEc0If/lriguk=
-20,22,15v4CewAwu+ug9+UPWePt5Nc5mQ=,DTXfYZutXX/3I4os1voUReA4CWA=
-18,25,15v4CewAwu+ug9+UPWePt5Nc5mQ=,nSNqz+TTcNoV99EEc0If/lriguk=
-19,25,15v4CewAwu+ug9+UPWePt5Nc5mQ=,nSNqz+TTcNoV99EEc0If/lriguk=
-22,16,15v4CewAwu+ug9+UPWePt5Nc5mQ=,DTXfYZutXX/3I4os1voUReA4CWA=
-20,25,15v4CewAwu+ug9+UPWePt5Nc5mQ=,nSNqz+TTcNoV99EEc0If/lriguk=
-24,31,15v4CewAwu+ug9+UPWePt5Nc5mQ=,nSNqz+TTcNoV99EEc0If/lriguk=
-32,31,15v4CewAwu+ug9+UPWePt5Nc5mQ=,o5jAdcPt3IRp48XdqYw4sChLqik=
-31,31,15v4CewAwu+ug9+UPWePt5Nc5mQ=,o5jAdcPt3IRp48XdqYw4sChLqik=
-30,31,15v4CewAwu+ug9+UPWePt5Nc5mQ=,o5jAdcPt3IRp48XdqYw4sChLqik=
-29,31,15v4CewAwu+ug9+UPWePt5Nc5mQ=,o5jAdcPt3IRp48XdqYw4sChLqik=
-28,31,15v4CewAwu+ug9+UPWePt5Nc5mQ=,o5jAdcPt3IRp48XdqYw4sChLqik=
-25,30,15v4CewAwu+ug9+UPWePt5Nc5mQ=,o5jAdcPt3IRp48XdqYw4sChLqik=
-23,16,15v4CewAwu+ug9+UPWePt5Nc5mQ=,DTXfYZutXX/3I4os1voUReA4CWA=
-26,30,15v4CewAwu+ug9+UPWePt5Nc5mQ=,o5jAdcPt3IRp48XdqYw4sChLqik=
-27,30,15v4CewAwu+ug9+UPWePt5Nc5mQ=,o5jAdcPt3IRp48XdqYw4sChLqik=
-28,30,15v4CewAwu+ug9+UPWePt5Nc5mQ=,o5jAdcPt3IRp48XdqYw4sChLqik=
-29,30,15v4CewAwu+ug9+UPWePt5Nc5mQ=,o5jAdcPt3IRp48XdqYw4sChLqik=
-30,30,15v4CewAwu+ug9+UPWePt5Nc5mQ=,o5jAdcPt3IRp48XdqYw4sChLqik=
-24,16,15v4CewAwu+ug9+UPWePt5Nc5mQ=,DTXfYZutXX/3I4os1voUReA4CWA=
-25,29,15v4CewAwu+ug9+UPWePt5Nc5mQ=,o5jAdcPt3IRp48XdqYw4sChLqik=
-25,31,15v4CewAwu+ug9+UPWePt5Nc5mQ=,o5jAdcPt3IRp48XdqYw4sChLqik=
-21,18,15v4CewAwu+ug9+UPWePt5Nc5mQ=,DTXfYZutXX/3I4os1voUReA4CWA=
-26,29,DolfFfXfuXiBfJaothmr0IczEqQ=,o5jAdcPt3IRp48XdqYw4sChLqik=
-18,19,DolfFfXfuXiBfJaothmr0IczEqQ=,DTXfYZutXX/3I4os1voUReA4CWA=
-27,29,DolfFfXfuXiBfJaothmr0IczEqQ=,o5jAdcPt3IRp48XdqYw4sChLqik=
-29,29,DolfFfXfuXiBfJaothmr0IczEqQ=,o5jAdcPt3IRp48XdqYw4sChLqik=
-21,17,DolfFfXfuXiBfJaothmr0IczEqQ=,DTXfYZutXX/3I4os1voUReA4CWA=
-17,19,DolfFfXfuXiBfJaothmr0IczEqQ=,DTXfYZutXX/3I4os1voUReA4CWA=
-22,17,DolfFfXfuXiBfJaothmr0IczEqQ=,DTXfYZutXX/3I4os1voUReA4CWA=
-19,19,DolfFfXfuXiBfJaothmr0IczEqQ=,DTXfYZutXX/3I4os1voUReA4CWA=
-30,29,DolfFfXfuXiBfJaothmr0IczEqQ=,o5jAdcPt3IRp48XdqYw4sChLqik=
-26,31,DolfFfXfuXiBfJaothmr0IczEqQ=,o5jAdcPt3IRp48XdqYw4sChLqik=
-27,31,DolfFfXfuXiBfJaothmr0IczEqQ=,o5jAdcPt3IRp48XdqYw4sChLqik=
-32,16,DolfFfXfuXiBfJaothmr0IczEqQ=,fQ6w62Udwqg53Ts89t4WsEFeJis=
-32,24,DolfFfXfuXiBfJaothmr0IczEqQ=,o5jAdcPt3IRp48XdqYw4sChLqik=
-24,30,DolfFfXfuXiBfJaothmr0IczEqQ=,nSNqz+TTcNoV99EEc0If/lriguk=
-23,28,DolfFfXfuXiBfJaothmr0IczEqQ=,nSNqz+TTcNoV99EEc0If/lriguk=
-31,29,DolfFfXfuXiBfJaothmr0IczEqQ=,o5jAdcPt3IRp48XdqYw4sChLqik=
-22,28,DolfFfXfuXiBfJaothmr0IczEqQ=,nSNqz+TTcNoV99EEc0If/lriguk=
-25,28,DolfFfXfuXiBfJaothmr0IczEqQ=,o5jAdcPt3IRp48XdqYw4sChLqik=
-23,29,DolfFfXfuXiBfJaothmr0IczEqQ=,nSNqz+TTcNoV99EEc0If/lriguk=
-32,19,DolfFfXfuXiBfJaothmr0IczEqQ=,fQ6w62Udwqg53Ts89t4WsEFeJis=
-32,23,DolfFfXfuXiBfJaothmr0IczEqQ=,fQ6w62Udwqg53Ts89t4WsEFeJis=
-26,28,DolfFfXfuXiBfJaothmr0IczEqQ=,o5jAdcPt3IRp48XdqYw4sChLqik=
-27,28,DolfFfXfuXiBfJaothmr0IczEqQ=,o5jAdcPt3IRp48XdqYw4sChLqik=
-32,18,DolfFfXfuXiBfJaothmr0IczEqQ=,fQ6w62Udwqg53Ts89t4WsEFeJis=
-20,19,DolfFfXfuXiBfJaothmr0IczEqQ=,DTXfYZutXX/3I4os1voUReA4CWA=
-28,28,DolfFfXfuXiBfJaothmr0IczEqQ=,o5jAdcPt3IRp48XdqYw4sChLqik=
-32,21,DolfFfXfuXiBfJaothmr0IczEqQ=,fQ6w62Udwqg53Ts89t4WsEFeJis=
-32,22,DolfFfXfuXiBfJaothmr0IczEqQ=,fQ6w62Udwqg53Ts89t4WsEFeJis=
-30,28,DolfFfXfuXiBfJaothmr0IczEqQ=,o5jAdcPt3IRp48XdqYw4sChLqik=
-18,18,DolfFfXfuXiBfJaothmr0IczEqQ=,DTXfYZutXX/3I4os1voUReA4CWA=
-31,28,DolfFfXfuXiBfJaothmr0IczEqQ=,o5jAdcPt3IRp48XdqYw4sChLqik=
-24,29,DolfFfXfuXiBfJaothmr0IczEqQ=,nSNqz+TTcNoV99EEc0If/lriguk=
-17,18,DolfFfXfuXiBfJaothmr0IczEqQ=,DTXfYZutXX/3I4os1voUReA4CWA=
-19,18,DolfFfXfuXiBfJaothmr0IczEqQ=,DTXfYZutXX/3I4os1voUReA4CWA=
-24,28,DolfFfXfuXiBfJaothmr0IczEqQ=,nSNqz+TTcNoV99EEc0If/lriguk=
-31,17,DolfFfXfuXiBfJaothmr0IczEqQ=,fQ6w62Udwqg53Ts89t4WsEFeJis=
-31,18,DolfFfXfuXiBfJaothmr0IczEqQ=,fQ6w62Udwqg53Ts89t4WsEFeJis=
-18,16,DolfFfXfuXiBfJaothmr0IczEqQ=,DTXfYZutXX/3I4os1voUReA4CWA=
-22,31,DolfFfXfuXiBfJaothmr0IczEqQ=,nSNqz+TTcNoV99EEc0If/lriguk=
-29,17,DolfFfXfuXiBfJaothmr0IczEqQ=,fQ6w62Udwqg53Ts89t4WsEFeJis=
-22,30,DolfFfXfuXiBfJaothmr0IczEqQ=,nSNqz+TTcNoV99EEc0If/lriguk=
-23,31,DolfFfXfuXiBfJaothmr0IczEqQ=,nSNqz+TTcNoV99EEc0If/lriguk=
-22,29,DolfFfXfuXiBfJaothmr0IczEqQ=,nSNqz+TTcNoV99EEc0If/lriguk=
-23,30,DolfFfXfuXiBfJaothmr0IczEqQ=,nSNqz+TTcNoV99EEc0If/lriguk=
-19,16,DolfFfXfuXiBfJaothmr0IczEqQ=,DTXfYZutXX/3I4os1voUReA4CWA=
-30,17,DolfFfXfuXiBfJaothmr0IczEqQ=,fQ6w62Udwqg53Ts89t4WsEFeJis=
-32,17,DolfFfXfuXiBfJaothmr0IczEqQ=,fQ6w62Udwqg53Ts89t4WsEFeJis=
-20,16,DolfFfXfuXiBfJaothmr0IczEqQ=,DTXfYZutXX/3I4os1voUReA4CWA=
-32,20,DolfFfXfuXiBfJaothmr0IczEqQ=,fQ6w62Udwqg53Ts89t4WsEFeJis=
-20,18,DolfFfXfuXiBfJaothmr0IczEqQ=,DTXfYZutXX/3I4os1voUReA4CWA=
-20,17,DolfFfXfuXiBfJaothmr0IczEqQ=,DTXfYZutXX/3I4os1voUReA4CWA=
-30,19,DolfFfXfuXiBfJaothmr0IczEqQ=,fQ6w62Udwqg53Ts89t4WsEFeJis=
-32,26,DolfFfXfuXiBfJaothmr0IczEqQ=,o5jAdcPt3IRp48XdqYw4sChLqik=
-29,19,DolfFfXfuXiBfJaothmr0IczEqQ=,fQ6w62Udwqg53Ts89t4WsEFeJis=
-30,21,DolfFfXfuXiBfJaothmr0IczEqQ=,fQ6w62Udwqg53Ts89t4WsEFeJis=
-29,16,DolfFfXfuXiBfJaothmr0IczEqQ=,fQ6w62Udwqg53Ts89t4WsEFeJis=
-17,17,DolfFfXfuXiBfJaothmr0IczEqQ=,DTXfYZutXX/3I4os1voUReA4CWA=
-31,19,DolfFfXfuXiBfJaothmr0IczEqQ=,fQ6w62Udwqg53Ts89t4WsEFeJis=
-31,21,DolfFfXfuXiBfJaothmr0IczEqQ=,fQ6w62Udwqg53Ts89t4WsEFeJis=
-31,16,DolfFfXfuXiBfJaothmr0IczEqQ=,fQ6w62Udwqg53Ts89t4WsEFeJis=
-30,20,DolfFfXfuXiBfJaothmr0IczEqQ=,fQ6w62Udwqg53Ts89t4WsEFeJis=
-18,17,DolfFfXfuXiBfJaothmr0IczEqQ=,DTXfYZutXX/3I4os1voUReA4CWA=
-19,17,DolfFfXfuXiBfJaothmr0IczEqQ=,DTXfYZutXX/3I4os1voUReA4CWA=
-31,20,DolfFfXfuXiBfJaothmr0IczEqQ=,fQ6w62Udwqg53Ts89t4WsEFeJis=
-31,22,DolfFfXfuXiBfJaothmr0IczEqQ=,fQ6w62Udwqg53Ts89t4WsEFeJis=
-30,22,DolfFfXfuXiBfJaothmr0IczEqQ=,fQ6w62Udwqg53Ts89t4WsEFeJis=
-29,18,DolfFfXfuXiBfJaothmr0IczEqQ=,fQ6w62Udwqg53Ts89t4WsEFeJis=
-31,26,DolfFfXfuXiBfJaothmr0IczEqQ=,o5jAdcPt3IRp48XdqYw4sChLqik=
-30,18,DolfFfXfuXiBfJaothmr0IczEqQ=,fQ6w62Udwqg53Ts89t4WsEFeJis=
-30,23,DolfFfXfuXiBfJaothmr0IczEqQ=,fQ6w62Udwqg53Ts89t4WsEFeJis=
-31,23,DolfFfXfuXiBfJaothmr0IczEqQ=,fQ6w62Udwqg53Ts89t4WsEFeJis=
-31,25,DolfFfXfuXiBfJaothmr0IczEqQ=,o5jAdcPt3IRp48XdqYw4sChLqik=
-30,16,DolfFfXfuXiBfJaothmr0IczEqQ=,fQ6w62Udwqg53Ts89t4WsEFeJis=
-2,26,5ew6amDiMX3SYntEeb0vJzG2/7s=,Vubu8F92qQCPUfSQWx4eQs/xNOk=
-3,26,5ew6amDiMX3SYntEeb0vJzG2/7s=,Vubu8F92qQCPUfSQWx4eQs/xNOk=
-4,26,5ew6amDiMX3SYntEeb0vJzG2/7s=,Vubu8F92qQCPUfSQWx4eQs/xNOk=
-4,27,5ew6amDiMX3SYntEeb0vJzG2/7s=,Vubu8F92qQCPUfSQWx4eQs/xNOk=
-3,27,5ew6amDiMX3SYntEeb0vJzG2/7s=,Vubu8F92qQCPUfSQWx4eQs/xNOk=
-2,27,5ew6amDiMX3SYntEeb0vJzG2/7s=,Vubu8F92qQCPUfSQWx4eQs/xNOk=
-2,25,5ew6amDiMX3SYntEeb0vJzG2/7s=,Vubu8F92qQCPUfSQWx4eQs/xNOk=
-3,25,5ew6amDiMX3SYntEeb0vJzG2/7s=,Vubu8F92qQCPUfSQWx4eQs/xNOk=
-2,28,5ew6amDiMX3SYntEeb0vJzG2/7s=,Vubu8F92qQCPUfSQWx4eQs/xNOk=
-3,28,5ew6amDiMX3SYntEeb0vJzG2/7s=,Vubu8F92qQCPUfSQWx4eQs/xNOk=
-5,28,5ew6amDiMX3SYntEeb0vJzG2/7s=,Vubu8F92qQCPUfSQWx4eQs/xNOk=
-7,23,5ew6amDiMX3SYntEeb0vJzG2/7s=,gX/FrdFBqmJ68qdzkukX8CK14Ho=
-6,23,5ew6amDiMX3SYntEeb0vJzG2/7s=,gX/FrdFBqmJ68qdzkukX8CK14Ho=
-6,22,5ew6amDiMX3SYntEeb0vJzG2/7s=,gX/FrdFBqmJ68qdzkukX8CK14Ho=
-7,22,5ew6amDiMX3SYntEeb0vJzG2/7s=,gX/FrdFBqmJ68qdzkukX8CK14Ho=
-5,21,5ew6amDiMX3SYntEeb0vJzG2/7s=,gX/FrdFBqmJ68qdzkukX8CK14Ho=
-6,21,5ew6amDiMX3SYntEeb0vJzG2/7s=,gX/FrdFBqmJ68qdzkukX8CK14Ho=
-3,20,5ew6amDiMX3SYntEeb0vJzG2/7s=,gX/FrdFBqmJ68qdzkukX8CK14Ho=
-4,20,5ew6amDiMX3SYntEeb0vJzG2/7s=,gX/FrdFBqmJ68qdzkukX8CK14Ho=
-5,20,5ew6amDiMX3SYntEeb0vJzG2/7s=,gX/FrdFBqmJ68qdzkukX8CK14Ho=
-6,20,5ew6amDiMX3SYntEeb0vJzG2/7s=,gX/FrdFBqmJ68qdzkukX8CK14Ho=
-3,19,5ew6amDiMX3SYntEeb0vJzG2/7s=,gX/FrdFBqmJ68qdzkukX8CK14Ho=
-4,19,5ew6amDiMX3SYntEeb0vJzG2/7s=,gX/FrdFBqmJ68qdzkukX8CK14Ho=
-5,19,5ew6amDiMX3SYntEeb0vJzG2/7s=,gX/FrdFBqmJ68qdzkukX8CK14Ho=
-6,19,5ew6amDiMX3SYntEeb0vJzG2/7s=,gX/FrdFBqmJ68qdzkukX8CK14Ho=
-2,18,5ew6amDiMX3SYntEeb0vJzG2/7s=,gX/FrdFBqmJ68qdzkukX8CK14Ho=
-3,18,5ew6amDiMX3SYntEeb0vJzG2/7s=,gX/FrdFBqmJ68qdzkukX8CK14Ho=
-2,24,5ew6amDiMX3SYntEeb0vJzG2/7s=,Vubu8F92qQCPUfSQWx4eQs/xNOk=
-3,24,5ew6amDiMX3SYntEeb0vJzG2/7s=,Vubu8F92qQCPUfSQWx4eQs/xNOk=
-4,18,5ew6amDiMX3SYntEeb0vJzG2/7s=,gX/FrdFBqmJ68qdzkukX8CK14Ho=
-2,17,5ew6amDiMX3SYntEeb0vJzG2/7s=,gX/FrdFBqmJ68qdzkukX8CK14Ho=
-3,17,5ew6amDiMX3SYntEeb0vJzG2/7s=,gX/FrdFBqmJ68qdzkukX8CK14Ho=
-2,23,5ew6amDiMX3SYntEeb0vJzG2/7s=,gX/FrdFBqmJ68qdzkukX8CK14Ho=
-2,16,+7Dmxb747T+o+m2r7ToLHlPoQW4=,gX/FrdFBqmJ68qdzkukX8CK14Ho=
-4,31,+7Dmxb747T+o+m2r7ToLHlPoQW4=,Vubu8F92qQCPUfSQWx4eQs/xNOk=
-10,19,+7Dmxb747T+o+m2r7ToLHlPoQW4=,ECUMf0UA5gFv+a6w/Kbr72KvNoM=
-9,16,+7Dmxb747T+o+m2r7ToLHlPoQW4=,ECUMf0UA5gFv+a6w/Kbr72KvNoM=
-9,17,+7Dmxb747T+o+m2r7ToLHlPoQW4=,ECUMf0UA5gFv+a6w/Kbr72KvNoM=
-8,19,+7Dmxb747T+o+m2r7ToLHlPoQW4=,gX/FrdFBqmJ68qdzkukX8CK14Ho=
-9,18,+7Dmxb747T+o+m2r7ToLHlPoQW4=,ECUMf0UA5gFv+a6w/Kbr72KvNoM=
-10,17,+7Dmxb747T+o+m2r7ToLHlPoQW4=,ECUMf0UA5gFv+a6w/Kbr72KvNoM=
-12,17,+7Dmxb747T+o+m2r7ToLHlPoQW4=,ECUMf0UA5gFv+a6w/Kbr72KvNoM=
-11,17,+7Dmxb747T+o+m2r7ToLHlPoQW4=,ECUMf0UA5gFv+a6w/Kbr72KvNoM=
-11,19,+7Dmxb747T+o+m2r7ToLHlPoQW4=,ECUMf0UA5gFv+a6w/Kbr72KvNoM=
-5,18,+7Dmxb747T+o+m2r7ToLHlPoQW4=,gX/FrdFBqmJ68qdzkukX8CK14Ho=
-12,19,+7Dmxb747T+o+m2r7ToLHlPoQW4=,ECUMf0UA5gFv+a6w/Kbr72KvNoM=
-11,16,+7Dmxb747T+o+m2r7ToLHlPoQW4=,ECUMf0UA5gFv+a6w/Kbr72KvNoM=
-9,19,+7Dmxb747T+o+m2r7ToLHlPoQW4=,ECUMf0UA5gFv+a6w/Kbr72KvNoM=
-7,19,+7Dmxb747T+o+m2r7ToLHlPoQW4=,gX/FrdFBqmJ68qdzkukX8CK14Ho=
-6,18,+7Dmxb747T+o+m2r7ToLHlPoQW4=,gX/FrdFBqmJ68qdzkukX8CK14Ho=
-8,18,+7Dmxb747T+o+m2r7ToLHlPoQW4=,gX/FrdFBqmJ68qdzkukX8CK14Ho=
-5,17,+7Dmxb747T+o+m2r7ToLHlPoQW4=,gX/FrdFBqmJ68qdzkukX8CK14Ho=
-7,18,+7Dmxb747T+o+m2r7ToLHlPoQW4=,gX/FrdFBqmJ68qdzkukX8CK14Ho=
-10,18,+7Dmxb747T+o+m2r7ToLHlPoQW4=,ECUMf0UA5gFv+a6w/Kbr72KvNoM=
-6,17,+7Dmxb747T+o+m2r7ToLHlPoQW4=,gX/FrdFBqmJ68qdzkukX8CK14Ho=
-8,17,+7Dmxb747T+o+m2r7ToLHlPoQW4=,gX/FrdFBqmJ68qdzkukX8CK14Ho=
-7,16,+7Dmxb747T+o+m2r7ToLHlPoQW4=,gX/FrdFBqmJ68qdzkukX8CK14Ho=
-7,17,+7Dmxb747T+o+m2r7ToLHlPoQW4=,gX/FrdFBqmJ68qdzkukX8CK14Ho=
-11,18,+7Dmxb747T+o+m2r7ToLHlPoQW4=,ECUMf0UA5gFv+a6w/Kbr72KvNoM=
-5,16,+7Dmxb747T+o+m2r7ToLHlPoQW4=,gX/FrdFBqmJ68qdzkukX8CK14Ho=
-8,16,+7Dmxb747T+o+m2r7ToLHlPoQW4=,gX/FrdFBqmJ68qdzkukX8CK14Ho=
-12,16,+7Dmxb747T+o+m2r7ToLHlPoQW4=,ECUMf0UA5gFv+a6w/Kbr72KvNoM=
-6,16,+7Dmxb747T+o+m2r7ToLHlPoQW4=,gX/FrdFBqmJ68qdzkukX8CK14Ho=
-10,16,+7Dmxb747T+o+m2r7ToLHlPoQW4=,ECUMf0UA5gFv+a6w/Kbr72KvNoM=
-12,18,+7Dmxb747T+o+m2r7ToLHlPoQW4=,ECUMf0UA5gFv+a6w/Kbr72KvNoM=
-1,26,+7Dmxb747T+o+m2r7ToLHlPoQW4=,Vubu8F92qQCPUfSQWx4eQs/xNOk=
-1,27,+7Dmxb747T+o+m2r7ToLHlPoQW4=,Vubu8F92qQCPUfSQWx4eQs/xNOk=
-1,28,+7Dmxb747T+o+m2r7ToLHlPoQW4=,Vubu8F92qQCPUfSQWx4eQs/xNOk=
-1,25,+7Dmxb747T+o+m2r7ToLHlPoQW4=,Vubu8F92qQCPUfSQWx4eQs/xNOk=
-1,29,+7Dmxb747T+o+m2r7ToLHlPoQW4=,Vubu8F92qQCPUfSQWx4eQs/xNOk=
-1,31,+7Dmxb747T+o+m2r7ToLHlPoQW4=,Vubu8F92qQCPUfSQWx4eQs/xNOk=
-1,30,+7Dmxb747T+o+m2r7ToLHlPoQW4=,Vubu8F92qQCPUfSQWx4eQs/xNOk=
-1,24,+7Dmxb747T+o+m2r7ToLHlPoQW4=,Vubu8F92qQCPUfSQWx4eQs/xNOk=
-1,23,+7Dmxb747T+o+m2r7ToLHlPoQW4=,gX/FrdFBqmJ68qdzkukX8CK14Ho=
-2,31,+7Dmxb747T+o+m2r7ToLHlPoQW4=,Vubu8F92qQCPUfSQWx4eQs/xNOk=
-3,31,+7Dmxb747T+o+m2r7ToLHlPoQW4=,Vubu8F92qQCPUfSQWx4eQs/xNOk=
-4,22,+7Dmxb747T+o+m2r7ToLHlPoQW4=,gX/FrdFBqmJ68qdzkukX8CK14Ho=
-3,22,+7Dmxb747T+o+m2r7ToLHlPoQW4=,gX/FrdFBqmJ68qdzkukX8CK14Ho=
-4,23,+7Dmxb747T+o+m2r7ToLHlPoQW4=,gX/FrdFBqmJ68qdzkukX8CK14Ho=
-4,24,+7Dmxb747T+o+m2r7ToLHlPoQW4=,Vubu8F92qQCPUfSQWx4eQs/xNOk=
-4,28,+7Dmxb747T+o+m2r7ToLHlPoQW4=,Vubu8F92qQCPUfSQWx4eQs/xNOk=
-4,25,+7Dmxb747T+o+m2r7ToLHlPoQW4=,Vubu8F92qQCPUfSQWx4eQs/xNOk=
-3,23,+7Dmxb747T+o+m2r7ToLHlPoQW4=,gX/FrdFBqmJ68qdzkukX8CK14Ho=
-2,20,ECBF9Hgovu2ekaXl/km3tOPyn7c=,gX/FrdFBqmJ68qdzkukX8CK14Ho=
-4,29,ECBF9Hgovu2ekaXl/km3tOPyn7c=,Vubu8F92qQCPUfSQWx4eQs/xNOk=
-3,29,ECBF9Hgovu2ekaXl/km3tOPyn7c=,Vubu8F92qQCPUfSQWx4eQs/xNOk=
-2,30,ECBF9Hgovu2ekaXl/km3tOPyn7c=,Vubu8F92qQCPUfSQWx4eQs/xNOk=
-1,20,ECBF9Hgovu2ekaXl/km3tOPyn7c=,gX/FrdFBqmJ68qdzkukX8CK14Ho=
-4,21,ECBF9Hgovu2ekaXl/km3tOPyn7c=,gX/FrdFBqmJ68qdzkukX8CK14Ho=
-2,29,ECBF9Hgovu2ekaXl/km3tOPyn7c=,Vubu8F92qQCPUfSQWx4eQs/xNOk=
-3,30,ECBF9Hgovu2ekaXl/km3tOPyn7c=,Vubu8F92qQCPUfSQWx4eQs/xNOk=
-2,22,ECBF9Hgovu2ekaXl/km3tOPyn7c=,gX/FrdFBqmJ68qdzkukX8CK14Ho=
-4,30,ECBF9Hgovu2ekaXl/km3tOPyn7c=,Vubu8F92qQCPUfSQWx4eQs/xNOk=
-3,21,ECBF9Hgovu2ekaXl/km3tOPyn7c=,gX/FrdFBqmJ68qdzkukX8CK14Ho=
-1,22,ECBF9Hgovu2ekaXl/km3tOPyn7c=,gX/FrdFBqmJ68qdzkukX8CK14Ho=
-1,21,ECBF9Hgovu2ekaXl/km3tOPyn7c=,gX/FrdFBqmJ68qdzkukX8CK14Ho=
-2,21,ECBF9Hgovu2ekaXl/km3tOPyn7c=,gX/FrdFBqmJ68qdzkukX8CK14Ho=
-14,16,ECBF9Hgovu2ekaXl/km3tOPyn7c=,ECUMf0UA5gFv+a6w/Kbr72KvNoM=
-16,16,ECBF9Hgovu2ekaXl/km3tOPyn7c=,ECUMf0UA5gFv+a6w/Kbr72KvNoM=
-15,17,ECBF9Hgovu2ekaXl/km3tOPyn7c=,ECUMf0UA5gFv+a6w/Kbr72KvNoM=
-16,19,ECBF9Hgovu2ekaXl/km3tOPyn7c=,ECUMf0UA5gFv+a6w/Kbr72KvNoM=
-15,18,ECBF9Hgovu2ekaXl/km3tOPyn7c=,ECUMf0UA5gFv+a6w/Kbr72KvNoM=
-16,18,ECBF9Hgovu2ekaXl/km3tOPyn7c=,ECUMf0UA5gFv+a6w/Kbr72KvNoM=
-14,18,ECBF9Hgovu2ekaXl/km3tOPyn7c=,ECUMf0UA5gFv+a6w/Kbr72KvNoM=
-8,23,ECBF9Hgovu2ekaXl/km3tOPyn7c=,gX/FrdFBqmJ68qdzkukX8CK14Ho=
-13,18,ECBF9Hgovu2ekaXl/km3tOPyn7c=,ECUMf0UA5gFv+a6w/Kbr72KvNoM=
-16,17,ECBF9Hgovu2ekaXl/km3tOPyn7c=,ECUMf0UA5gFv+a6w/Kbr72KvNoM=
-14,19,ECBF9Hgovu2ekaXl/km3tOPyn7c=,ECUMf0UA5gFv+a6w/Kbr72KvNoM=
-13,19,ECBF9Hgovu2ekaXl/km3tOPyn7c=,ECUMf0UA5gFv+a6w/Kbr72KvNoM=
-14,17,ECBF9Hgovu2ekaXl/km3tOPyn7c=,ECUMf0UA5gFv+a6w/Kbr72KvNoM=
-13,16,ECBF9Hgovu2ekaXl/km3tOPyn7c=,ECUMf0UA5gFv+a6w/Kbr72KvNoM=
-13,17,ECBF9Hgovu2ekaXl/km3tOPyn7c=,ECUMf0UA5gFv+a6w/Kbr72KvNoM=
-1,16,ECBF9Hgovu2ekaXl/km3tOPyn7c=,gX/FrdFBqmJ68qdzkukX8CK14Ho=
-3,16,ECBF9Hgovu2ekaXl/km3tOPyn7c=,gX/FrdFBqmJ68qdzkukX8CK14Ho=
-15,19,ECBF9Hgovu2ekaXl/km3tOPyn7c=,ECUMf0UA5gFv+a6w/Kbr72KvNoM=
-15,16,ECBF9Hgovu2ekaXl/km3tOPyn7c=,ECUMf0UA5gFv+a6w/Kbr72KvNoM=
-1,19,ECBF9Hgovu2ekaXl/km3tOPyn7c=,gX/FrdFBqmJ68qdzkukX8CK14Ho=
-4,16,ECBF9Hgovu2ekaXl/km3tOPyn7c=,gX/FrdFBqmJ68qdzkukX8CK14Ho=
-4,17,ECBF9Hgovu2ekaXl/km3tOPyn7c=,gX/FrdFBqmJ68qdzkukX8CK14Ho=
-8,31,ECBF9Hgovu2ekaXl/km3tOPyn7c=,Vubu8F92qQCPUfSQWx4eQs/xNOk=
-9,23,ECBF9Hgovu2ekaXl/km3tOPyn7c=,ECUMf0UA5gFv+a6w/Kbr72KvNoM=
-5,22,ECBF9Hgovu2ekaXl/km3tOPyn7c=,gX/FrdFBqmJ68qdzkukX8CK14Ho=
-2,19,ECBF9Hgovu2ekaXl/km3tOPyn7c=,gX/FrdFBqmJ68qdzkukX8CK14Ho=
-1,17,ECBF9Hgovu2ekaXl/km3tOPyn7c=,gX/FrdFBqmJ68qdzkukX8CK14Ho=
-14,28,ECBF9Hgovu2ekaXl/km3tOPyn7c=,iHsCmDLpL7ogwthIVX3PpfmqLyw=
-1,18,ECBF9Hgovu2ekaXl/km3tOPyn7c=,gX/FrdFBqmJ68qdzkukX8CK14Ho=
-10,23,ECBF9Hgovu2ekaXl/km3tOPyn7c=,ECUMf0UA5gFv+a6w/Kbr72KvNoM=
-13,28,ECBF9Hgovu2ekaXl/km3tOPyn7c=,iHsCmDLpL7ogwthIVX3PpfmqLyw=
-8,30,ECBF9Hgovu2ekaXl/km3tOPyn7c=,Vubu8F92qQCPUfSQWx4eQs/xNOk=
-16,29,ECBF9Hgovu2ekaXl/km3tOPyn7c=,iHsCmDLpL7ogwthIVX3PpfmqLyw=
-12,28,ECBF9Hgovu2ekaXl/km3tOPyn7c=,iHsCmDLpL7ogwthIVX3PpfmqLyw=
-8,26,ECBF9Hgovu2ekaXl/km3tOPyn7c=,Vubu8F92qQCPUfSQWx4eQs/xNOk=
-11,23,ECBF9Hgovu2ekaXl/km3tOPyn7c=,ECUMf0UA5gFv+a6w/Kbr72KvNoM=
-7,21,L6VHbsf/qu20XqRXmj5jXo9bbyM=,gX/FrdFBqmJ68qdzkukX8CK14Ho=
-8,29,L6VHbsf/qu20XqRXmj5jXo9bbyM=,Vubu8F92qQCPUfSQWx4eQs/xNOk=
-14,29,L6VHbsf/qu20XqRXmj5jXo9bbyM=,iHsCmDLpL7ogwthIVX3PpfmqLyw=
-7,20,L6VHbsf/qu20XqRXmj5jXo9bbyM=,gX/FrdFBqmJ68qdzkukX8CK14Ho=
-15,29,L6VHbsf/qu20XqRXmj5jXo9bbyM=,iHsCmDLpL7ogwthIVX3PpfmqLyw=
-11,28,L6VHbsf/qu20XqRXmj5jXo9bbyM=,iHsCmDLpL7ogwthIVX3PpfmqLyw=
-12,23,L6VHbsf/qu20XqRXmj5jXo9bbyM=,ECUMf0UA5gFv+a6w/Kbr72KvNoM=
-13,29,L6VHbsf/qu20XqRXmj5jXo9bbyM=,iHsCmDLpL7ogwthIVX3PpfmqLyw=
-8,25,L6VHbsf/qu20XqRXmj5jXo9bbyM=,Vubu8F92qQCPUfSQWx4eQs/xNOk=
-12,29,L6VHbsf/qu20XqRXmj5jXo9bbyM=,iHsCmDLpL7ogwthIVX3PpfmqLyw=
-5,23,L6VHbsf/qu20XqRXmj5jXo9bbyM=,gX/FrdFBqmJ68qdzkukX8CK14Ho=
-13,23,L6VHbsf/qu20XqRXmj5jXo9bbyM=,ECUMf0UA5gFv+a6w/Kbr72KvNoM=
-10,28,L6VHbsf/qu20XqRXmj5jXo9bbyM=,iHsCmDLpL7ogwthIVX3PpfmqLyw=
-8,24,t86HkwI5e6jbL8Mr6B89hfX6K4k=,Vubu8F92qQCPUfSQWx4eQs/xNOk=
-10,29,t86HkwI5e6jbL8Mr6B89hfX6K4k=,iHsCmDLpL7ogwthIVX3PpfmqLyw=
-14,23,t86HkwI5e6jbL8Mr6B89hfX6K4k=,ECUMf0UA5gFv+a6w/Kbr72KvNoM=
-12,22,t86HkwI5e6jbL8Mr6B89hfX6K4k=,ECUMf0UA5gFv+a6w/Kbr72KvNoM=
-11,29,t86HkwI5e6jbL8Mr6B89hfX6K4k=,iHsCmDLpL7ogwthIVX3PpfmqLyw=
-5,31,t86HkwI5e6jbL8Mr6B89hfX6K4k=,Vubu8F92qQCPUfSQWx4eQs/xNOk=
-8,28,t86HkwI5e6jbL8Mr6B89hfX6K4k=,Vubu8F92qQCPUfSQWx4eQs/xNOk=
-7,31,t86HkwI5e6jbL8Mr6B89hfX6K4k=,Vubu8F92qQCPUfSQWx4eQs/xNOk=
-7,24,t86HkwI5e6jbL8Mr6B89hfX6K4k=,Vubu8F92qQCPUfSQWx4eQs/xNOk=
-6,31,t86HkwI5e6jbL8Mr6B89hfX6K4k=,Vubu8F92qQCPUfSQWx4eQs/xNOk=
-8,27,t86HkwI5e6jbL8Mr6B89hfX6K4k=,Vubu8F92qQCPUfSQWx4eQs/xNOk=
-6,24,t86HkwI5e6jbL8Mr6B89hfX6K4k=,Vubu8F92qQCPUfSQWx4eQs/xNOk=
-15,23,t86HkwI5e6jbL8Mr6B89hfX6K4k=,ECUMf0UA5gFv+a6w/Kbr72KvNoM=
-6,28,t86HkwI5e6jbL8Mr6B89hfX6K4k=,Vubu8F92qQCPUfSQWx4eQs/xNOk=
-5,24,t86HkwI5e6jbL8Mr6B89hfX6K4k=,Vubu8F92qQCPUfSQWx4eQs/xNOk=
-7,29,t86HkwI5e6jbL8Mr6B89hfX6K4k=,Vubu8F92qQCPUfSQWx4eQs/xNOk=
-7,28,t86HkwI5e6jbL8Mr6B89hfX6K4k=,Vubu8F92qQCPUfSQWx4eQs/xNOk=
-7,25,t86HkwI5e6jbL8Mr6B89hfX6K4k=,Vubu8F92qQCPUfSQWx4eQs/xNOk=
-16,23,t86HkwI5e6jbL8Mr6B89hfX6K4k=,ECUMf0UA5gFv+a6w/Kbr72KvNoM=
-5,29,qUCYEs+sJ5tuVHmheBpvQreKOI4=,Vubu8F92qQCPUfSQWx4eQs/xNOk=
-5,27,qUCYEs+sJ5tuVHmheBpvQreKOI4=,Vubu8F92qQCPUfSQWx4eQs/xNOk=
-6,25,qUCYEs+sJ5tuVHmheBpvQreKOI4=,Vubu8F92qQCPUfSQWx4eQs/xNOk=
-16,21,qUCYEs+sJ5tuVHmheBpvQreKOI4=,ECUMf0UA5gFv+a6w/Kbr72KvNoM=
-6,29,qUCYEs+sJ5tuVHmheBpvQreKOI4=,Vubu8F92qQCPUfSQWx4eQs/xNOk=
-16,20,qUCYEs+sJ5tuVHmheBpvQreKOI4=,ECUMf0UA5gFv+a6w/Kbr72KvNoM=
-6,27,qUCYEs+sJ5tuVHmheBpvQreKOI4=,Vubu8F92qQCPUfSQWx4eQs/xNOk=
-5,25,qUCYEs+sJ5tuVHmheBpvQreKOI4=,Vubu8F92qQCPUfSQWx4eQs/xNOk=
-7,27,qUCYEs+sJ5tuVHmheBpvQreKOI4=,Vubu8F92qQCPUfSQWx4eQs/xNOk=
-5,26,qUCYEs+sJ5tuVHmheBpvQreKOI4=,Vubu8F92qQCPUfSQWx4eQs/xNOk=
-16,22,qUCYEs+sJ5tuVHmheBpvQreKOI4=,ECUMf0UA5gFv+a6w/Kbr72KvNoM=
-6,30,qUCYEs+sJ5tuVHmheBpvQreKOI4=,Vubu8F92qQCPUfSQWx4eQs/xNOk=
-7,30,qUCYEs+sJ5tuVHmheBpvQreKOI4=,Vubu8F92qQCPUfSQWx4eQs/xNOk=
-7,26,qUCYEs+sJ5tuVHmheBpvQreKOI4=,Vubu8F92qQCPUfSQWx4eQs/xNOk=
-6,26,qUCYEs+sJ5tuVHmheBpvQreKOI4=,Vubu8F92qQCPUfSQWx4eQs/xNOk=
-5,30,qUCYEs+sJ5tuVHmheBpvQreKOI4=,Vubu8F92qQCPUfSQWx4eQs/xNOk=
-9,28,qUCYEs+sJ5tuVHmheBpvQreKOI4=,iHsCmDLpL7ogwthIVX3PpfmqLyw=
-14,22,qUCYEs+sJ5tuVHmheBpvQreKOI4=,ECUMf0UA5gFv+a6w/Kbr72KvNoM=
-9,27,qUCYEs+sJ5tuVHmheBpvQreKOI4=,iHsCmDLpL7ogwthIVX3PpfmqLyw=
-8,20,qUCYEs+sJ5tuVHmheBpvQreKOI4=,gX/FrdFBqmJ68qdzkukX8CK14Ho=
-16,28,qUCYEs+sJ5tuVHmheBpvQreKOI4=,iHsCmDLpL7ogwthIVX3PpfmqLyw=
-15,28,qUCYEs+sJ5tuVHmheBpvQreKOI4=,iHsCmDLpL7ogwthIVX3PpfmqLyw=
-10,27,qUCYEs+sJ5tuVHmheBpvQreKOI4=,iHsCmDLpL7ogwthIVX3PpfmqLyw=
-13,27,qUCYEs+sJ5tuVHmheBpvQreKOI4=,iHsCmDLpL7ogwthIVX3PpfmqLyw=
-9,20,qUCYEs+sJ5tuVHmheBpvQreKOI4=,ECUMf0UA5gFv+a6w/Kbr72KvNoM=
-11,27,qUCYEs+sJ5tuVHmheBpvQreKOI4=,iHsCmDLpL7ogwthIVX3PpfmqLyw=
-12,27,qUCYEs+sJ5tuVHmheBpvQreKOI4=,iHsCmDLpL7ogwthIVX3PpfmqLyw=
-8,21,qUCYEs+sJ5tuVHmheBpvQreKOI4=,gX/FrdFBqmJ68qdzkukX8CK14Ho=
-14,27,qUCYEs+sJ5tuVHmheBpvQreKOI4=,iHsCmDLpL7ogwthIVX3PpfmqLyw=
-15,27,qUCYEs+sJ5tuVHmheBpvQreKOI4=,iHsCmDLpL7ogwthIVX3PpfmqLyw=
-16,27,qUCYEs+sJ5tuVHmheBpvQreKOI4=,iHsCmDLpL7ogwthIVX3PpfmqLyw=
-9,26,qUCYEs+sJ5tuVHmheBpvQreKOI4=,iHsCmDLpL7ogwthIVX3PpfmqLyw=
-15,21,qUCYEs+sJ5tuVHmheBpvQreKOI4=,ECUMf0UA5gFv+a6w/Kbr72KvNoM=
-13,26,qUCYEs+sJ5tuVHmheBpvQreKOI4=,iHsCmDLpL7ogwthIVX3PpfmqLyw=
-14,26,qUCYEs+sJ5tuVHmheBpvQreKOI4=,iHsCmDLpL7ogwthIVX3PpfmqLyw=
-13,22,qUCYEs+sJ5tuVHmheBpvQreKOI4=,ECUMf0UA5gFv+a6w/Kbr72KvNoM=
-10,26,qUCYEs+sJ5tuVHmheBpvQreKOI4=,iHsCmDLpL7ogwthIVX3PpfmqLyw=
-12,26,qUCYEs+sJ5tuVHmheBpvQreKOI4=,iHsCmDLpL7ogwthIVX3PpfmqLyw=
-8,22,qUCYEs+sJ5tuVHmheBpvQreKOI4=,gX/FrdFBqmJ68qdzkukX8CK14Ho=
-11,26,qUCYEs+sJ5tuVHmheBpvQreKOI4=,iHsCmDLpL7ogwthIVX3PpfmqLyw=
-15,26,qUCYEs+sJ5tuVHmheBpvQreKOI4=,iHsCmDLpL7ogwthIVX3PpfmqLyw=
-16,26,qUCYEs+sJ5tuVHmheBpvQreKOI4=,iHsCmDLpL7ogwthIVX3PpfmqLyw=
-9,25,qUCYEs+sJ5tuVHmheBpvQreKOI4=,iHsCmDLpL7ogwthIVX3PpfmqLyw=
-10,25,qUCYEs+sJ5tuVHmheBpvQreKOI4=,iHsCmDLpL7ogwthIVX3PpfmqLyw=
-15,20,qUCYEs+sJ5tuVHmheBpvQreKOI4=,ECUMf0UA5gFv+a6w/Kbr72KvNoM=
-11,25,qUCYEs+sJ5tuVHmheBpvQreKOI4=,iHsCmDLpL7ogwthIVX3PpfmqLyw=
-13,25,qUCYEs+sJ5tuVHmheBpvQreKOI4=,iHsCmDLpL7ogwthIVX3PpfmqLyw=
-14,25,qUCYEs+sJ5tuVHmheBpvQreKOI4=,iHsCmDLpL7ogwthIVX3PpfmqLyw=
-12,25,qUCYEs+sJ5tuVHmheBpvQreKOI4=,iHsCmDLpL7ogwthIVX3PpfmqLyw=
-14,21,qUCYEs+sJ5tuVHmheBpvQreKOI4=,ECUMf0UA5gFv+a6w/Kbr72KvNoM=
-9,31,qUCYEs+sJ5tuVHmheBpvQreKOI4=,iHsCmDLpL7ogwthIVX3PpfmqLyw=
-10,24,qUCYEs+sJ5tuVHmheBpvQreKOI4=,iHsCmDLpL7ogwthIVX3PpfmqLyw=
-15,25,qUCYEs+sJ5tuVHmheBpvQreKOI4=,iHsCmDLpL7ogwthIVX3PpfmqLyw=
-9,24,qUCYEs+sJ5tuVHmheBpvQreKOI4=,iHsCmDLpL7ogwthIVX3PpfmqLyw=
-13,21,qUCYEs+sJ5tuVHmheBpvQreKOI4=,ECUMf0UA5gFv+a6w/Kbr72KvNoM=
-16,25,qUCYEs+sJ5tuVHmheBpvQreKOI4=,iHsCmDLpL7ogwthIVX3PpfmqLyw=
-10,31,qUCYEs+sJ5tuVHmheBpvQreKOI4=,iHsCmDLpL7ogwthIVX3PpfmqLyw=
-11,24,qUCYEs+sJ5tuVHmheBpvQreKOI4=,iHsCmDLpL7ogwthIVX3PpfmqLyw=
-13,24,qUCYEs+sJ5tuVHmheBpvQreKOI4=,iHsCmDLpL7ogwthIVX3PpfmqLyw=
-14,24,qUCYEs+sJ5tuVHmheBpvQreKOI4=,iHsCmDLpL7ogwthIVX3PpfmqLyw=
-12,24,qUCYEs+sJ5tuVHmheBpvQreKOI4=,iHsCmDLpL7ogwthIVX3PpfmqLyw=
-13,31,qUCYEs+sJ5tuVHmheBpvQreKOI4=,iHsCmDLpL7ogwthIVX3PpfmqLyw=
-14,31,qUCYEs+sJ5tuVHmheBpvQreKOI4=,iHsCmDLpL7ogwthIVX3PpfmqLyw=
-12,31,qUCYEs+sJ5tuVHmheBpvQreKOI4=,iHsCmDLpL7ogwthIVX3PpfmqLyw=
-10,20,qUCYEs+sJ5tuVHmheBpvQreKOI4=,ECUMf0UA5gFv+a6w/Kbr72KvNoM=
-11,31,qUCYEs+sJ5tuVHmheBpvQreKOI4=,iHsCmDLpL7ogwthIVX3PpfmqLyw=
-15,31,qUCYEs+sJ5tuVHmheBpvQreKOI4=,iHsCmDLpL7ogwthIVX3PpfmqLyw=
-16,31,qUCYEs+sJ5tuVHmheBpvQreKOI4=,iHsCmDLpL7ogwthIVX3PpfmqLyw=
-15,24,qUCYEs+sJ5tuVHmheBpvQreKOI4=,iHsCmDLpL7ogwthIVX3PpfmqLyw=
-16,24,qUCYEs+sJ5tuVHmheBpvQreKOI4=,iHsCmDLpL7ogwthIVX3PpfmqLyw=
-10,30,qUCYEs+sJ5tuVHmheBpvQreKOI4=,iHsCmDLpL7ogwthIVX3PpfmqLyw=
-15,22,qUCYEs+sJ5tuVHmheBpvQreKOI4=,ECUMf0UA5gFv+a6w/Kbr72KvNoM=
-9,30,qUCYEs+sJ5tuVHmheBpvQreKOI4=,iHsCmDLpL7ogwthIVX3PpfmqLyw=
-11,30,qUCYEs+sJ5tuVHmheBpvQreKOI4=,iHsCmDLpL7ogwthIVX3PpfmqLyw=
-13,30,qUCYEs+sJ5tuVHmheBpvQreKOI4=,iHsCmDLpL7ogwthIVX3PpfmqLyw=
-12,30,qUCYEs+sJ5tuVHmheBpvQreKOI4=,iHsCmDLpL7ogwthIVX3PpfmqLyw=
-14,30,qUCYEs+sJ5tuVHmheBpvQreKOI4=,iHsCmDLpL7ogwthIVX3PpfmqLyw=
-11,20,qUCYEs+sJ5tuVHmheBpvQreKOI4=,ECUMf0UA5gFv+a6w/Kbr72KvNoM=
-15,30,qUCYEs+sJ5tuVHmheBpvQreKOI4=,iHsCmDLpL7ogwthIVX3PpfmqLyw=
-16,30,qUCYEs+sJ5tuVHmheBpvQreKOI4=,iHsCmDLpL7ogwthIVX3PpfmqLyw=
-9,29,qUCYEs+sJ5tuVHmheBpvQreKOI4=,iHsCmDLpL7ogwthIVX3PpfmqLyw=
-12,20,qUCYEs+sJ5tuVHmheBpvQreKOI4=,ECUMf0UA5gFv+a6w/Kbr72KvNoM=
-13,20,qUCYEs+sJ5tuVHmheBpvQreKOI4=,ECUMf0UA5gFv+a6w/Kbr72KvNoM=
-10,22,qUCYEs+sJ5tuVHmheBpvQreKOI4=,ECUMf0UA5gFv+a6w/Kbr72KvNoM=
-11,22,qUCYEs+sJ5tuVHmheBpvQreKOI4=,ECUMf0UA5gFv+a6w/Kbr72KvNoM=
-9,21,qUCYEs+sJ5tuVHmheBpvQreKOI4=,ECUMf0UA5gFv+a6w/Kbr72KvNoM=
-12,21,qUCYEs+sJ5tuVHmheBpvQreKOI4=,ECUMf0UA5gFv+a6w/Kbr72KvNoM=
-9,22,qUCYEs+sJ5tuVHmheBpvQreKOI4=,ECUMf0UA5gFv+a6w/Kbr72KvNoM=
-14,20,qUCYEs+sJ5tuVHmheBpvQreKOI4=,ECUMf0UA5gFv+a6w/Kbr72KvNoM=
-11,21,qUCYEs+sJ5tuVHmheBpvQreKOI4=,ECUMf0UA5gFv+a6w/Kbr72KvNoM=
-10,21,qUCYEs+sJ5tuVHmheBpvQreKOI4=,ECUMf0UA5gFv+a6w/Kbr72KvNoM=
-14,4,jHsjRnNJvxDvxoJ8nB6ineG8ea0=,1ipTD5EuyZ38oVDMXpU8NxbkBx8=
-15,5,jHsjRnNJvxDvxoJ8nB6ineG8ea0=,1ipTD5EuyZ38oVDMXpU8NxbkBx8=
-9,8,jHsjRnNJvxDvxoJ8nB6ineG8ea0=,4Pd7gx47h0nTqhdKHLZowe0bSEc=
-9,6,jHsjRnNJvxDvxoJ8nB6ineG8ea0=,1ipTD5EuyZ38oVDMXpU8NxbkBx8=
-7,5,jHsjRnNJvxDvxoJ8nB6ineG8ea0=,Jh9GgylyMKTcMZzHm65lwWAubR0=
-9,7,jHsjRnNJvxDvxoJ8nB6ineG8ea0=,1ipTD5EuyZ38oVDMXpU8NxbkBx8=
-9,5,jHsjRnNJvxDvxoJ8nB6ineG8ea0=,1ipTD5EuyZ38oVDMXpU8NxbkBx8=
-8,5,jHsjRnNJvxDvxoJ8nB6ineG8ea0=,Jh9GgylyMKTcMZzHm65lwWAubR0=
-8,11,jHsjRnNJvxDvxoJ8nB6ineG8ea0=,KwNH/x8j650yfIsJlhnPAzCgCSo=
-10,6,jHsjRnNJvxDvxoJ8nB6ineG8ea0=,1ipTD5EuyZ38oVDMXpU8NxbkBx8=
-6,5,jHsjRnNJvxDvxoJ8nB6ineG8ea0=,Jh9GgylyMKTcMZzHm65lwWAubR0=
-11,6,jHsjRnNJvxDvxoJ8nB6ineG8ea0=,1ipTD5EuyZ38oVDMXpU8NxbkBx8=
-10,4,jHsjRnNJvxDvxoJ8nB6ineG8ea0=,1ipTD5EuyZ38oVDMXpU8NxbkBx8=
-7,11,jHsjRnNJvxDvxoJ8nB6ineG8ea0=,KwNH/x8j650yfIsJlhnPAzCgCSo=
-12,6,jHsjRnNJvxDvxoJ8nB6ineG8ea0=,1ipTD5EuyZ38oVDMXpU8NxbkBx8=
-6,11,jHsjRnNJvxDvxoJ8nB6ineG8ea0=,KwNH/x8j650yfIsJlhnPAzCgCSo=
-5,5,jHsjRnNJvxDvxoJ8nB6ineG8ea0=,Jh9GgylyMKTcMZzHm65lwWAubR0=
-10,5,jHsjRnNJvxDvxoJ8nB6ineG8ea0=,1ipTD5EuyZ38oVDMXpU8NxbkBx8=
-8,6,jHsjRnNJvxDvxoJ8nB6ineG8ea0=,Jh9GgylyMKTcMZzHm65lwWAubR0=
-1,7,jHsjRnNJvxDvxoJ8nB6ineG8ea0=,Jh9GgylyMKTcMZzHm65lwWAubR0=
-11,5,jHsjRnNJvxDvxoJ8nB6ineG8ea0=,1ipTD5EuyZ38oVDMXpU8NxbkBx8=
-7,6,jHsjRnNJvxDvxoJ8nB6ineG8ea0=,Jh9GgylyMKTcMZzHm65lwWAubR0=
-14,0,jHsjRnNJvxDvxoJ8nB6ineG8ea0=,1ipTD5EuyZ38oVDMXpU8NxbkBx8=
-15,0,jHsjRnNJvxDvxoJ8nB6ineG8ea0=,1ipTD5EuyZ38oVDMXpU8NxbkBx8=
-11,4,jHsjRnNJvxDvxoJ8nB6ineG8ea0=,1ipTD5EuyZ38oVDMXpU8NxbkBx8=
-4,5,jHsjRnNJvxDvxoJ8nB6ineG8ea0=,Jh9GgylyMKTcMZzHm65lwWAubR0=
-6,6,jHsjRnNJvxDvxoJ8nB6ineG8ea0=,Jh9GgylyMKTcMZzHm65lwWAubR0=
-3,5,yEy8ydE5w36ijZQFUQ9fOJI3b5c=,Jh9GgylyMKTcMZzHm65lwWAubR0=
-12,4,yEy8ydE5w36ijZQFUQ9fOJI3b5c=,1ipTD5EuyZ38oVDMXpU8NxbkBx8=
-12,5,yEy8ydE5w36ijZQFUQ9fOJI3b5c=,1ipTD5EuyZ38oVDMXpU8NxbkBx8=
-2,5,yEy8ydE5w36ijZQFUQ9fOJI3b5c=,Jh9GgylyMKTcMZzHm65lwWAubR0=
-10,8,yEy8ydE5w36ijZQFUQ9fOJI3b5c=,4Pd7gx47h0nTqhdKHLZowe0bSEc=
-1,5,yEy8ydE5w36ijZQFUQ9fOJI3b5c=,Jh9GgylyMKTcMZzHm65lwWAubR0=
-5,6,yEy8ydE5w36ijZQFUQ9fOJI3b5c=,Jh9GgylyMKTcMZzHm65lwWAubR0=
-2,7,yEy8ydE5w36ijZQFUQ9fOJI3b5c=,Jh9GgylyMKTcMZzHm65lwWAubR0=
-6,4,yEy8ydE5w36ijZQFUQ9fOJI3b5c=,Jh9GgylyMKTcMZzHm65lwWAubR0=
-3,7,yEy8ydE5w36ijZQFUQ9fOJI3b5c=,Jh9GgylyMKTcMZzHm65lwWAubR0=
-11,8,yEy8ydE5w36ijZQFUQ9fOJI3b5c=,4Pd7gx47h0nTqhdKHLZowe0bSEc=
-1,10,yEy8ydE5w36ijZQFUQ9fOJI3b5c=,KwNH/x8j650yfIsJlhnPAzCgCSo=
-5,11,yEy8ydE5w36ijZQFUQ9fOJI3b5c=,KwNH/x8j650yfIsJlhnPAzCgCSo=
-4,7,yEy8ydE5w36ijZQFUQ9fOJI3b5c=,Jh9GgylyMKTcMZzHm65lwWAubR0=
-1,9,yEy8ydE5w36ijZQFUQ9fOJI3b5c=,KwNH/x8j650yfIsJlhnPAzCgCSo=
-1,8,yEy8ydE5w36ijZQFUQ9fOJI3b5c=,KwNH/x8j650yfIsJlhnPAzCgCSo=
-12,8,yEy8ydE5w36ijZQFUQ9fOJI3b5c=,4Pd7gx47h0nTqhdKHLZowe0bSEc=
-1,6,yEy8ydE5w36ijZQFUQ9fOJI3b5c=,Jh9GgylyMKTcMZzHm65lwWAubR0=
-7,4,yEy8ydE5w36ijZQFUQ9fOJI3b5c=,Jh9GgylyMKTcMZzHm65lwWAubR0=
-1,11,yEy8ydE5w36ijZQFUQ9fOJI3b5c=,KwNH/x8j650yfIsJlhnPAzCgCSo=
-10,7,yEy8ydE5w36ijZQFUQ9fOJI3b5c=,1ipTD5EuyZ38oVDMXpU8NxbkBx8=
-2,6,yEy8ydE5w36ijZQFUQ9fOJI3b5c=,Jh9GgylyMKTcMZzHm65lwWAubR0=
-8,9,yEy8ydE5w36ijZQFUQ9fOJI3b5c=,KwNH/x8j650yfIsJlhnPAzCgCSo=
-3,6,yEy8ydE5w36ijZQFUQ9fOJI3b5c=,Jh9GgylyMKTcMZzHm65lwWAubR0=
-8,4,yEy8ydE5w36ijZQFUQ9fOJI3b5c=,Jh9GgylyMKTcMZzHm65lwWAubR0=
-2,8,yEy8ydE5w36ijZQFUQ9fOJI3b5c=,KwNH/x8j650yfIsJlhnPAzCgCSo=
-3,8,yEy8ydE5w36ijZQFUQ9fOJI3b5c=,KwNH/x8j650yfIsJlhnPAzCgCSo=
-4,8,yEy8ydE5w36ijZQFUQ9fOJI3b5c=,KwNH/x8j650yfIsJlhnPAzCgCSo=
-5,8,yEy8ydE5w36ijZQFUQ9fOJI3b5c=,KwNH/x8j650yfIsJlhnPAzCgCSo=
-4,6,yEy8ydE5w36ijZQFUQ9fOJI3b5c=,Jh9GgylyMKTcMZzHm65lwWAubR0=
-1,4,yEy8ydE5w36ijZQFUQ9fOJI3b5c=,Jh9GgylyMKTcMZzHm65lwWAubR0=
-12,7,yEy8ydE5w36ijZQFUQ9fOJI3b5c=,1ipTD5EuyZ38oVDMXpU8NxbkBx8=
-11,7,yEy8ydE5w36ijZQFUQ9fOJI3b5c=,1ipTD5EuyZ38oVDMXpU8NxbkBx8=
-6,8,yEy8ydE5w36ijZQFUQ9fOJI3b5c=,KwNH/x8j650yfIsJlhnPAzCgCSo=
-9,10,yEy8ydE5w36ijZQFUQ9fOJI3b5c=,4Pd7gx47h0nTqhdKHLZowe0bSEc=
-7,8,yEy8ydE5w36ijZQFUQ9fOJI3b5c=,KwNH/x8j650yfIsJlhnPAzCgCSo=
-9,11,yEy8ydE5w36ijZQFUQ9fOJI3b5c=,4Pd7gx47h0nTqhdKHLZowe0bSEc=
-9,9,yEy8ydE5w36ijZQFUQ9fOJI3b5c=,4Pd7gx47h0nTqhdKHLZowe0bSEc=
-10,11,yEy8ydE5w36ijZQFUQ9fOJI3b5c=,4Pd7gx47h0nTqhdKHLZowe0bSEc=
-11,11,yEy8ydE5w36ijZQFUQ9fOJI3b5c=,4Pd7gx47h0nTqhdKHLZowe0bSEc=
-5,7,yEy8ydE5w36ijZQFUQ9fOJI3b5c=,Jh9GgylyMKTcMZzHm65lwWAubR0=
-12,11,yEy8ydE5w36ijZQFUQ9fOJI3b5c=,4Pd7gx47h0nTqhdKHLZowe0bSEc=
-10,10,yEy8ydE5w36ijZQFUQ9fOJI3b5c=,4Pd7gx47h0nTqhdKHLZowe0bSEc=
-6,7,yEy8ydE5w36ijZQFUQ9fOJI3b5c=,Jh9GgylyMKTcMZzHm65lwWAubR0=
-11,10,yEy8ydE5w36ijZQFUQ9fOJI3b5c=,4Pd7gx47h0nTqhdKHLZowe0bSEc=
-10,9,KZ2pQ4yWeEPxlHEbqtDzYznmacY=,4Pd7gx47h0nTqhdKHLZowe0bSEc=
-12,9,KZ2pQ4yWeEPxlHEbqtDzYznmacY=,4Pd7gx47h0nTqhdKHLZowe0bSEc=
-12,10,KZ2pQ4yWeEPxlHEbqtDzYznmacY=,4Pd7gx47h0nTqhdKHLZowe0bSEc=
-11,9,KZ2pQ4yWeEPxlHEbqtDzYznmacY=,4Pd7gx47h0nTqhdKHLZowe0bSEc=
-7,7,KZ2pQ4yWeEPxlHEbqtDzYznmacY=,Jh9GgylyMKTcMZzHm65lwWAubR0=
-4,4,KZ2pQ4yWeEPxlHEbqtDzYznmacY=,Jh9GgylyMKTcMZzHm65lwWAubR0=
-9,4,KZ2pQ4yWeEPxlHEbqtDzYznmacY=,1ipTD5EuyZ38oVDMXpU8NxbkBx8=
-5,4,KZ2pQ4yWeEPxlHEbqtDzYznmacY=,Jh9GgylyMKTcMZzHm65lwWAubR0=
-3,10,KZ2pQ4yWeEPxlHEbqtDzYznmacY=,KwNH/x8j650yfIsJlhnPAzCgCSo=
-2,4,KZ2pQ4yWeEPxlHEbqtDzYznmacY=,Jh9GgylyMKTcMZzHm65lwWAubR0=
-4,10,KZ2pQ4yWeEPxlHEbqtDzYznmacY=,KwNH/x8j650yfIsJlhnPAzCgCSo=
-3,4,KZ2pQ4yWeEPxlHEbqtDzYznmacY=,Jh9GgylyMKTcMZzHm65lwWAubR0=
-2,10,KZ2pQ4yWeEPxlHEbqtDzYznmacY=,KwNH/x8j650yfIsJlhnPAzCgCSo=
-3,9,KZ2pQ4yWeEPxlHEbqtDzYznmacY=,KwNH/x8j650yfIsJlhnPAzCgCSo=
-4,9,KZ2pQ4yWeEPxlHEbqtDzYznmacY=,KwNH/x8j650yfIsJlhnPAzCgCSo=
-8,8,KZ2pQ4yWeEPxlHEbqtDzYznmacY=,KwNH/x8j650yfIsJlhnPAzCgCSo=
-2,9,KZ2pQ4yWeEPxlHEbqtDzYznmacY=,KwNH/x8j650yfIsJlhnPAzCgCSo=
-2,11,KZ2pQ4yWeEPxlHEbqtDzYznmacY=,KwNH/x8j650yfIsJlhnPAzCgCSo=
-3,11,KZ2pQ4yWeEPxlHEbqtDzYznmacY=,KwNH/x8j650yfIsJlhnPAzCgCSo=
-4,11,KZ2pQ4yWeEPxlHEbqtDzYznmacY=,KwNH/x8j650yfIsJlhnPAzCgCSo=
-8,7,KZ2pQ4yWeEPxlHEbqtDzYznmacY=,Jh9GgylyMKTcMZzHm65lwWAubR0=
-5,9,KZ2pQ4yWeEPxlHEbqtDzYznmacY=,KwNH/x8j650yfIsJlhnPAzCgCSo=
-6,9,KZ2pQ4yWeEPxlHEbqtDzYznmacY=,KwNH/x8j650yfIsJlhnPAzCgCSo=
-5,10,KZ2pQ4yWeEPxlHEbqtDzYznmacY=,KwNH/x8j650yfIsJlhnPAzCgCSo=
-7,9,KZ2pQ4yWeEPxlHEbqtDzYznmacY=,KwNH/x8j650yfIsJlhnPAzCgCSo=
-8,10,KZ2pQ4yWeEPxlHEbqtDzYznmacY=,KwNH/x8j650yfIsJlhnPAzCgCSo=
-6,10,KZ2pQ4yWeEPxlHEbqtDzYznmacY=,KwNH/x8j650yfIsJlhnPAzCgCSo=
-7,10,KZ2pQ4yWeEPxlHEbqtDzYznmacY=,KwNH/x8j650yfIsJlhnPAzCgCSo=
-1,15,KZ2pQ4yWeEPxlHEbqtDzYznmacY=,KwNH/x8j650yfIsJlhnPAzCgCSo=
-2,15,KZ2pQ4yWeEPxlHEbqtDzYznmacY=,KwNH/x8j650yfIsJlhnPAzCgCSo=
-3,12,KZ2pQ4yWeEPxlHEbqtDzYznmacY=,KwNH/x8j650yfIsJlhnPAzCgCSo=
-4,12,KZ2pQ4yWeEPxlHEbqtDzYznmacY=,KwNH/x8j650yfIsJlhnPAzCgCSo=
-2,12,KZ2pQ4yWeEPxlHEbqtDzYznmacY=,KwNH/x8j650yfIsJlhnPAzCgCSo=
-3,15,KZ2pQ4yWeEPxlHEbqtDzYznmacY=,KwNH/x8j650yfIsJlhnPAzCgCSo=
-2,13,KZ2pQ4yWeEPxlHEbqtDzYznmacY=,KwNH/x8j650yfIsJlhnPAzCgCSo=
-4,13,KZ2pQ4yWeEPxlHEbqtDzYznmacY=,KwNH/x8j650yfIsJlhnPAzCgCSo=
-4,15,KZ2pQ4yWeEPxlHEbqtDzYznmacY=,KwNH/x8j650yfIsJlhnPAzCgCSo=
-3,13,KZ2pQ4yWeEPxlHEbqtDzYznmacY=,KwNH/x8j650yfIsJlhnPAzCgCSo=
-3,14,KZ2pQ4yWeEPxlHEbqtDzYznmacY=,KwNH/x8j650yfIsJlhnPAzCgCSo=
-1,14,KZ2pQ4yWeEPxlHEbqtDzYznmacY=,KwNH/x8j650yfIsJlhnPAzCgCSo=
-2,14,KZ2pQ4yWeEPxlHEbqtDzYznmacY=,KwNH/x8j650yfIsJlhnPAzCgCSo=
-4,14,KZ2pQ4yWeEPxlHEbqtDzYznmacY=,KwNH/x8j650yfIsJlhnPAzCgCSo=
-1,12,KZ2pQ4yWeEPxlHEbqtDzYznmacY=,KwNH/x8j650yfIsJlhnPAzCgCSo=
-1,13,KZ2pQ4yWeEPxlHEbqtDzYznmacY=,KwNH/x8j650yfIsJlhnPAzCgCSo=
-9,0,KZ2pQ4yWeEPxlHEbqtDzYznmacY=,1ipTD5EuyZ38oVDMXpU8NxbkBx8=
-5,0,KZ2pQ4yWeEPxlHEbqtDzYznmacY=,Jh9GgylyMKTcMZzHm65lwWAubR0=
-10,1,KZ2pQ4yWeEPxlHEbqtDzYznmacY=,1ipTD5EuyZ38oVDMXpU8NxbkBx8=
-16,1,KZ2pQ4yWeEPxlHEbqtDzYznmacY=,1ipTD5EuyZ38oVDMXpU8NxbkBx8=
-16,5,KZ2pQ4yWeEPxlHEbqtDzYznmacY=,1ipTD5EuyZ38oVDMXpU8NxbkBx8=
-6,0,KZ2pQ4yWeEPxlHEbqtDzYznmacY=,Jh9GgylyMKTcMZzHm65lwWAubR0=
-11,0,KZ2pQ4yWeEPxlHEbqtDzYznmacY=,1ipTD5EuyZ38oVDMXpU8NxbkBx8=
-12,0,KZ2pQ4yWeEPxlHEbqtDzYznmacY=,1ipTD5EuyZ38oVDMXpU8NxbkBx8=
-7,0,KZ2pQ4yWeEPxlHEbqtDzYznmacY=,Jh9GgylyMKTcMZzHm65lwWAubR0=
-8,1,KZ2pQ4yWeEPxlHEbqtDzYznmacY=,Jh9GgylyMKTcMZzHm65lwWAubR0=
-10,0,KZ2pQ4yWeEPxlHEbqtDzYznmacY=,1ipTD5EuyZ38oVDMXpU8NxbkBx8=
-9,3,KZ2pQ4yWeEPxlHEbqtDzYznmacY=,1ipTD5EuyZ38oVDMXpU8NxbkBx8=
-7,1,TOkA15/zaKOCInw1fGjaJbe4Fb8=,Jh9GgylyMKTcMZzHm65lwWAubR0=
-6,1,TOkA15/zaKOCInw1fGjaJbe4Fb8=,Jh9GgylyMKTcMZzHm65lwWAubR0=
-5,1,TOkA15/zaKOCInw1fGjaJbe4Fb8=,Jh9GgylyMKTcMZzHm65lwWAubR0=
-8,0,TOkA15/zaKOCInw1fGjaJbe4Fb8=,Jh9GgylyMKTcMZzHm65lwWAubR0=
-9,1,TOkA15/zaKOCInw1fGjaJbe4Fb8=,1ipTD5EuyZ38oVDMXpU8NxbkBx8=
-10,2,TOkA15/zaKOCInw1fGjaJbe4Fb8=,1ipTD5EuyZ38oVDMXpU8NxbkBx8=
-5,3,TOkA15/zaKOCInw1fGjaJbe4Fb8=,Jh9GgylyMKTcMZzHm65lwWAubR0=
-8,2,TOkA15/zaKOCInw1fGjaJbe4Fb8=,Jh9GgylyMKTcMZzHm65lwWAubR0=
-9,2,TOkA15/zaKOCInw1fGjaJbe4Fb8=,1ipTD5EuyZ38oVDMXpU8NxbkBx8=
-16,4,TOkA15/zaKOCInw1fGjaJbe4Fb8=,1ipTD5EuyZ38oVDMXpU8NxbkBx8=
-10,3,TOkA15/zaKOCInw1fGjaJbe4Fb8=,1ipTD5EuyZ38oVDMXpU8NxbkBx8=
-6,3,TOkA15/zaKOCInw1fGjaJbe4Fb8=,Jh9GgylyMKTcMZzHm65lwWAubR0=
-16,6,TOkA15/zaKOCInw1fGjaJbe4Fb8=,1ipTD5EuyZ38oVDMXpU8NxbkBx8=
-13,6,TOkA15/zaKOCInw1fGjaJbe4Fb8=,1ipTD5EuyZ38oVDMXpU8NxbkBx8=
-13,5,TOkA15/zaKOCInw1fGjaJbe4Fb8=,1ipTD5EuyZ38oVDMXpU8NxbkBx8=
-14,5,TOkA15/zaKOCInw1fGjaJbe4Fb8=,1ipTD5EuyZ38oVDMXpU8NxbkBx8=
-15,6,TOkA15/zaKOCInw1fGjaJbe4Fb8=,1ipTD5EuyZ38oVDMXpU8NxbkBx8=
-15,7,TOkA15/zaKOCInw1fGjaJbe4Fb8=,1ipTD5EuyZ38oVDMXpU8NxbkBx8=
-7,3,TOkA15/zaKOCInw1fGjaJbe4Fb8=,Jh9GgylyMKTcMZzHm65lwWAubR0=
-11,3,TOkA15/zaKOCInw1fGjaJbe4Fb8=,1ipTD5EuyZ38oVDMXpU8NxbkBx8=
-14,6,TOkA15/zaKOCInw1fGjaJbe4Fb8=,1ipTD5EuyZ38oVDMXpU8NxbkBx8=
-14,7,TOkA15/zaKOCInw1fGjaJbe4Fb8=,1ipTD5EuyZ38oVDMXpU8NxbkBx8=
-12,3,TOkA15/zaKOCInw1fGjaJbe4Fb8=,1ipTD5EuyZ38oVDMXpU8NxbkBx8=
-13,4,TOkA15/zaKOCInw1fGjaJbe4Fb8=,1ipTD5EuyZ38oVDMXpU8NxbkBx8=
-15,4,TOkA15/zaKOCInw1fGjaJbe4Fb8=,1ipTD5EuyZ38oVDMXpU8NxbkBx8=
-8,3,TOkA15/zaKOCInw1fGjaJbe4Fb8=,Jh9GgylyMKTcMZzHm65lwWAubR0=
-12,1,TOkA15/zaKOCInw1fGjaJbe4Fb8=,1ipTD5EuyZ38oVDMXpU8NxbkBx8=
-12,2,TOkA15/zaKOCInw1fGjaJbe4Fb8=,1ipTD5EuyZ38oVDMXpU8NxbkBx8=
-13,7,TOkA15/zaKOCInw1fGjaJbe4Fb8=,1ipTD5EuyZ38oVDMXpU8NxbkBx8=
-16,11,TOkA15/zaKOCInw1fGjaJbe4Fb8=,4Pd7gx47h0nTqhdKHLZowe0bSEc=
-5,2,TOkA15/zaKOCInw1fGjaJbe4Fb8=,Jh9GgylyMKTcMZzHm65lwWAubR0=
-16,10,TOkA15/zaKOCInw1fGjaJbe4Fb8=,4Pd7gx47h0nTqhdKHLZowe0bSEc=
-11,1,TOkA15/zaKOCInw1fGjaJbe4Fb8=,1ipTD5EuyZ38oVDMXpU8NxbkBx8=
-16,9,TOkA15/zaKOCInw1fGjaJbe4Fb8=,4Pd7gx47h0nTqhdKHLZowe0bSEc=
-6,2,TOkA15/zaKOCInw1fGjaJbe4Fb8=,Jh9GgylyMKTcMZzHm65lwWAubR0=
-11,2,TOkA15/zaKOCInw1fGjaJbe4Fb8=,1ipTD5EuyZ38oVDMXpU8NxbkBx8=
-16,8,TOkA15/zaKOCInw1fGjaJbe4Fb8=,4Pd7gx47h0nTqhdKHLZowe0bSEc=
-7,2,TOkA15/zaKOCInw1fGjaJbe4Fb8=,Jh9GgylyMKTcMZzHm65lwWAubR0=
-13,8,TOkA15/zaKOCInw1fGjaJbe4Fb8=,4Pd7gx47h0nTqhdKHLZowe0bSEc=
-14,8,TOkA15/zaKOCInw1fGjaJbe4Fb8=,4Pd7gx47h0nTqhdKHLZowe0bSEc=
-9,15,TOkA15/zaKOCInw1fGjaJbe4Fb8=,4Pd7gx47h0nTqhdKHLZowe0bSEc=
-8,15,TOkA15/zaKOCInw1fGjaJbe4Fb8=,KwNH/x8j650yfIsJlhnPAzCgCSo=
-15,8,TOkA15/zaKOCInw1fGjaJbe4Fb8=,4Pd7gx47h0nTqhdKHLZowe0bSEc=
-12,14,TOkA15/zaKOCInw1fGjaJbe4Fb8=,4Pd7gx47h0nTqhdKHLZowe0bSEc=
-13,11,TOkA15/zaKOCInw1fGjaJbe4Fb8=,4Pd7gx47h0nTqhdKHLZowe0bSEc=
-10,15,TOkA15/zaKOCInw1fGjaJbe4Fb8=,4Pd7gx47h0nTqhdKHLZowe0bSEc=
-14,11,TOkA15/zaKOCInw1fGjaJbe4Fb8=,4Pd7gx47h0nTqhdKHLZowe0bSEc=
-11,15,TOkA15/zaKOCInw1fGjaJbe4Fb8=,4Pd7gx47h0nTqhdKHLZowe0bSEc=
-11,14,TOkA15/zaKOCInw1fGjaJbe4Fb8=,4Pd7gx47h0nTqhdKHLZowe0bSEc=
-15,11,TOkA15/zaKOCInw1fGjaJbe4Fb8=,4Pd7gx47h0nTqhdKHLZowe0bSEc=
-12,15,TOkA15/zaKOCInw1fGjaJbe4Fb8=,4Pd7gx47h0nTqhdKHLZowe0bSEc=
-10,14,TOkA15/zaKOCInw1fGjaJbe4Fb8=,4Pd7gx47h0nTqhdKHLZowe0bSEc=
-1,0,TOkA15/zaKOCInw1fGjaJbe4Fb8=,Jh9GgylyMKTcMZzHm65lwWAubR0=
-13,10,TOkA15/zaKOCInw1fGjaJbe4Fb8=,4Pd7gx47h0nTqhdKHLZowe0bSEc=
-12,12,2bDaTQrar13T6zIyHbA1owYD2YY=,4Pd7gx47h0nTqhdKHLZowe0bSEc=
-14,10,2bDaTQrar13T6zIyHbA1owYD2YY=,4Pd7gx47h0nTqhdKHLZowe0bSEc=
-5,15,2bDaTQrar13T6zIyHbA1owYD2YY=,KwNH/x8j650yfIsJlhnPAzCgCSo=
-11,12,2bDaTQrar13T6zIyHbA1owYD2YY=,4Pd7gx47h0nTqhdKHLZowe0bSEc=
-12,13,2bDaTQrar13T6zIyHbA1owYD2YY=,4Pd7gx47h0nTqhdKHLZowe0bSEc=
-2,0,2bDaTQrar13T6zIyHbA1owYD2YY=,Jh9GgylyMKTcMZzHm65lwWAubR0=
-10,12,2bDaTQrar13T6zIyHbA1owYD2YY=,4Pd7gx47h0nTqhdKHLZowe0bSEc=
-6,15,2bDaTQrar13T6zIyHbA1owYD2YY=,KwNH/x8j650yfIsJlhnPAzCgCSo=
-15,10,2bDaTQrar13T6zIyHbA1owYD2YY=,4Pd7gx47h0nTqhdKHLZowe0bSEc=
-7,15,2bDaTQrar13T6zIyHbA1owYD2YY=,KwNH/x8j650yfIsJlhnPAzCgCSo=
-13,9,2bDaTQrar13T6zIyHbA1owYD2YY=,4Pd7gx47h0nTqhdKHLZowe0bSEc=
-10,13,2bDaTQrar13T6zIyHbA1owYD2YY=,4Pd7gx47h0nTqhdKHLZowe0bSEc=
-16,0,2bDaTQrar13T6zIyHbA1owYD2YY=,1ipTD5EuyZ38oVDMXpU8NxbkBx8=
-16,15,2bDaTQrar13T6zIyHbA1owYD2YY=,4Pd7gx47h0nTqhdKHLZowe0bSEc=
-11,13,2bDaTQrar13T6zIyHbA1owYD2YY=,4Pd7gx47h0nTqhdKHLZowe0bSEc=
-3,0,2bDaTQrar13T6zIyHbA1owYD2YY=,Jh9GgylyMKTcMZzHm65lwWAubR0=
-16,13,2bDaTQrar13T6zIyHbA1owYD2YY=,4Pd7gx47h0nTqhdKHLZowe0bSEc=
-16,3,2bDaTQrar13T6zIyHbA1owYD2YY=,1ipTD5EuyZ38oVDMXpU8NxbkBx8=
-9,12,2bDaTQrar13T6zIyHbA1owYD2YY=,4Pd7gx47h0nTqhdKHLZowe0bSEc=
-16,7,2bDaTQrar13T6zIyHbA1owYD2YY=,1ipTD5EuyZ38oVDMXpU8NxbkBx8=
-16,2,2bDaTQrar13T6zIyHbA1owYD2YY=,1ipTD5EuyZ38oVDMXpU8NxbkBx8=
-13,0,2bDaTQrar13T6zIyHbA1owYD2YY=,1ipTD5EuyZ38oVDMXpU8NxbkBx8=
-13,15,2bDaTQrar13T6zIyHbA1owYD2YY=,4Pd7gx47h0nTqhdKHLZowe0bSEc=
-13,2,2bDaTQrar13T6zIyHbA1owYD2YY=,1ipTD5EuyZ38oVDMXpU8NxbkBx8=
-13,3,2bDaTQrar13T6zIyHbA1owYD2YY=,1ipTD5EuyZ38oVDMXpU8NxbkBx8=
-4,0,2bDaTQrar13T6zIyHbA1owYD2YY=,Jh9GgylyMKTcMZzHm65lwWAubR0=
-15,14,2bDaTQrar13T6zIyHbA1owYD2YY=,4Pd7gx47h0nTqhdKHLZowe0bSEc=
-5,14,2bDaTQrar13T6zIyHbA1owYD2YY=,KwNH/x8j650yfIsJlhnPAzCgCSo=
-14,2,2bDaTQrar13T6zIyHbA1owYD2YY=,1ipTD5EuyZ38oVDMXpU8NxbkBx8=
-14,3,2bDaTQrar13T6zIyHbA1owYD2YY=,1ipTD5EuyZ38oVDMXpU8NxbkBx8=
-1,3,2bDaTQrar13T6zIyHbA1owYD2YY=,Jh9GgylyMKTcMZzHm65lwWAubR0=
-6,14,2bDaTQrar13T6zIyHbA1owYD2YY=,KwNH/x8j650yfIsJlhnPAzCgCSo=
-2,3,2bDaTQrar13T6zIyHbA1owYD2YY=,Jh9GgylyMKTcMZzHm65lwWAubR0=
-15,3,2bDaTQrar13T6zIyHbA1owYD2YY=,1ipTD5EuyZ38oVDMXpU8NxbkBx8=
-14,9,2bDaTQrar13T6zIyHbA1owYD2YY=,4Pd7gx47h0nTqhdKHLZowe0bSEc=
-7,14,2bDaTQrar13T6zIyHbA1owYD2YY=,KwNH/x8j650yfIsJlhnPAzCgCSo=
-14,15,2bDaTQrar13T6zIyHbA1owYD2YY=,4Pd7gx47h0nTqhdKHLZowe0bSEc=
-16,12,2bDaTQrar13T6zIyHbA1owYD2YY=,4Pd7gx47h0nTqhdKHLZowe0bSEc=
-3,3,2bDaTQrar13T6zIyHbA1owYD2YY=,Jh9GgylyMKTcMZzHm65lwWAubR0=
-15,9,2bDaTQrar13T6zIyHbA1owYD2YY=,4Pd7gx47h0nTqhdKHLZowe0bSEc=
-8,14,2bDaTQrar13T6zIyHbA1owYD2YY=,KwNH/x8j650yfIsJlhnPAzCgCSo=
-16,14,2bDaTQrar13T6zIyHbA1owYD2YY=,4Pd7gx47h0nTqhdKHLZowe0bSEc=
-13,13,2bDaTQrar13T6zIyHbA1owYD2YY=,4Pd7gx47h0nTqhdKHLZowe0bSEc=
-13,1,2bDaTQrar13T6zIyHbA1owYD2YY=,1ipTD5EuyZ38oVDMXpU8NxbkBx8=
-14,1,2bDaTQrar13T6zIyHbA1owYD2YY=,1ipTD5EuyZ38oVDMXpU8NxbkBx8=
-15,15,2bDaTQrar13T6zIyHbA1owYD2YY=,4Pd7gx47h0nTqhdKHLZowe0bSEc=
-15,1,2bDaTQrar13T6zIyHbA1owYD2YY=,1ipTD5EuyZ38oVDMXpU8NxbkBx8=
-5,13,2bDaTQrar13T6zIyHbA1owYD2YY=,KwNH/x8j650yfIsJlhnPAzCgCSo=
-14,13,2bDaTQrar13T6zIyHbA1owYD2YY=,4Pd7gx47h0nTqhdKHLZowe0bSEc=
-13,12,2bDaTQrar13T6zIyHbA1owYD2YY=,4Pd7gx47h0nTqhdKHLZowe0bSEc=
-15,2,2bDaTQrar13T6zIyHbA1owYD2YY=,1ipTD5EuyZ38oVDMXpU8NxbkBx8=
-15,13,2bDaTQrar13T6zIyHbA1owYD2YY=,4Pd7gx47h0nTqhdKHLZowe0bSEc=
-14,12,2bDaTQrar13T6zIyHbA1owYD2YY=,4Pd7gx47h0nTqhdKHLZowe0bSEc=
-6,13,2bDaTQrar13T6zIyHbA1owYD2YY=,KwNH/x8j650yfIsJlhnPAzCgCSo=
-13,14,2bDaTQrar13T6zIyHbA1owYD2YY=,4Pd7gx47h0nTqhdKHLZowe0bSEc=
-14,14,2bDaTQrar13T6zIyHbA1owYD2YY=,4Pd7gx47h0nTqhdKHLZowe0bSEc=
-9,13,2bDaTQrar13T6zIyHbA1owYD2YY=,4Pd7gx47h0nTqhdKHLZowe0bSEc=
-15,12,2bDaTQrar13T6zIyHbA1owYD2YY=,4Pd7gx47h0nTqhdKHLZowe0bSEc=
-7,13,2bDaTQrar13T6zIyHbA1owYD2YY=,KwNH/x8j650yfIsJlhnPAzCgCSo=
-9,14,2bDaTQrar13T6zIyHbA1owYD2YY=,4Pd7gx47h0nTqhdKHLZowe0bSEc=
-8,13,2bDaTQrar13T6zIyHbA1owYD2YY=,KwNH/x8j650yfIsJlhnPAzCgCSo=
-4,3,2bDaTQrar13T6zIyHbA1owYD2YY=,Jh9GgylyMKTcMZzHm65lwWAubR0=
-1,2,2bDaTQrar13T6zIyHbA1owYD2YY=,Jh9GgylyMKTcMZzHm65lwWAubR0=
-3,2,tvobA6+1HzSsJrxN8FzZBKmG6EY=,Jh9GgylyMKTcMZzHm65lwWAubR0=
-5,12,tvobA6+1HzSsJrxN8FzZBKmG6EY=,KwNH/x8j650yfIsJlhnPAzCgCSo=
-2,2,tvobA6+1HzSsJrxN8FzZBKmG6EY=,Jh9GgylyMKTcMZzHm65lwWAubR0=
-4,2,tvobA6+1HzSsJrxN8FzZBKmG6EY=,Jh9GgylyMKTcMZzHm65lwWAubR0=
-6,12,tvobA6+1HzSsJrxN8FzZBKmG6EY=,KwNH/x8j650yfIsJlhnPAzCgCSo=
-1,1,tvobA6+1HzSsJrxN8FzZBKmG6EY=,Jh9GgylyMKTcMZzHm65lwWAubR0=
-3,1,tvobA6+1HzSsJrxN8FzZBKmG6EY=,Jh9GgylyMKTcMZzHm65lwWAubR0=
-2,1,tvobA6+1HzSsJrxN8FzZBKmG6EY=,Jh9GgylyMKTcMZzHm65lwWAubR0=
-7,12,tvobA6+1HzSsJrxN8FzZBKmG6EY=,KwNH/x8j650yfIsJlhnPAzCgCSo=
-4,1,tvobA6+1HzSsJrxN8FzZBKmG6EY=,Jh9GgylyMKTcMZzHm65lwWAubR0=
-8,12,tvobA6+1HzSsJrxN8FzZBKmG6EY=,KwNH/x8j650yfIsJlhnPAzCgCSo=
