180,679,wIHuYh3jmOZVqES+QEmGEX58E1A=,DqD/DNabcP+3SozCtpcFoRsa0fg=
179,679,wIHuYh3jmOZVqES+QEmGEX58E1A=,DqD/DNabcP+3SozCtpcFoRsa0fg=
178,679,wIHuYh3jmOZVqES+QEmGEX58E1A=,DqD/DNabcP+3SozCtpcFoRsa0fg=
179,678,wIHuYh3jmOZVqES+QEmGEX58E1A=,DqD/DNabcP+3SozCtpcFoRsa0fg=
177,679,wIHuYh3jmOZVqES+QEmGEX58E1A=,DqD/DNabcP+3SozCtpcFoRsa0fg=
179,677,wIHuYh3jmOZVqES+QEmGEX58E1A=,DqD/DNabcP+3SozCtpcFoRsa0fg=
177,676,wIHuYh3jmOZVqES+QEmGEX58E1A=,DqD/DNabcP+3SozCtpcFoRsa0fg=
178,677,wIHuYh3jmOZVqES+QEmGEX58E1A=,DqD/DNabcP+3SozCtpcFoRsa0fg=
177,677,wIHuYh3jmOZVqES+QEmGEX58E1A=,DqD/DNabcP+3SozCtpcFoRsa0fg=
182,674,wIHuYh3jmOZVqES+QEmGEX58E1A=,DqD/DNabcP+3SozCtpcFoRsa0fg=
182,675,wIHuYh3jmOZVqES+QEmGEX58E1A=,DqD/DNabcP+3SozCtpcFoRsa0fg=
182,676,wIHuYh3jmOZVqES+QEmGEX58E1A=,DqD/DNabcP+3SozCtpcFoRsa0fg=
181,676,wIHuYh3jmOZVqES+QEmGEX58E1A=,DqD/DNabcP+3SozCtpcFoRsa0fg=
180,676,wIHuYh3jmOZVqES+QEmGEX58E1A=,DqD/DNabcP+3SozCtpcFoRsa0fg=
181,674,wIHuYh3jmOZVqES+QEmGEX58E1A=,DqD/DNabcP+3SozCtpcFoRsa0fg=
181,675,wIHuYh3jmOZVqES+QEmGEX58E1A=,DqD/DNabcP+3SozCtpcFoRsa0fg=
178,678,wIHuYh3jmOZVqES+QEmGEX58E1A=,DqD/DNabcP+3SozCtpcFoRsa0fg=
180,674,wIHuYh3jmOZVqES+QEmGEX58E1A=,DqD/DNabcP+3SozCtpcFoRsa0fg=
177,678,wIHuYh3jmOZVqES+QEmGEX58E1A=,DqD/DNabcP+3SozCtpcFoRsa0fg=
182,673,wIHuYh3jmOZVqES+QEmGEX58E1A=,DqD/DNabcP+3SozCtpcFoRsa0fg=
179,674,wIHuYh3jmOZVqES+QEmGEX58E1A=,DqD/DNabcP+3SozCtpcFoRsa0fg=
179,676,wIHuYh3jmOZVqES+QEmGEX58E1A=,DqD/DNabcP+3SozCtpcFoRsa0fg=
181,673,wIHuYh3jmOZVqES+QEmGEX58E1A=,DqD/DNabcP+3SozCtpcFoRsa0fg=
180,673,wIHuYh3jmOZVqES+QEmGEX58E1A=,DqD/DNabcP+3SozCtpcFoRsa0fg=
182,678,wIHuYh3jmOZVqES+QEmGEX58E1A=,DqD/DNabcP+3SozCtpcFoRsa0fg=
178,676,wIHuYh3jmOZVqES+QEmGEX58E1A=,DqD/DNabcP+3SozCtpcFoRsa0fg=
178,674,wIHuYh3jmOZVqES+QEmGEX58E1A=,DqD/DNabcP+3SozCtpcFoRsa0fg=
177,674,wIHuYh3jmOZVqES+QEmGEX58E1A=,DqD/DNabcP+3SozCtpcFoRsa0fg=
179,673,wIHuYh3jmOZVqES+QEmGEX58E1A=,DqD/DNabcP+3SozCtpcFoRsa0fg=
178,673,wIHuYh3jmOZVqES+QEmGEX58E1A=,DqD/DNabcP+3SozCtpcFoRsa0fg=
180,675,wIHuYh3jmOZVqES+QEmGEX58E1A=,DqD/DNabcP+3SozCtpcFoRsa0fg=
179,675,wIHuYh3jmOZVqES+QEmGEX58E1A=,DqD/DNabcP+3SozCtpcFoRsa0fg=
182,677,wIHuYh3jmOZVqES+QEmGEX58E1A=,DqD/DNabcP+3SozCtpcFoRsa0fg=
181,677,wIHuYh3jmOZVqES+QEmGEX58E1A=,DqD/DNabcP+3SozCtpcFoRsa0fg=
181,678,wIHuYh3jmOZVqES+QEmGEX58E1A=,DqD/DNabcP+3SozCtpcFoRsa0fg=
180,678,wIHuYh3jmOZVqES+QEmGEX58E1A=,DqD/DNabcP+3SozCtpcFoRsa0fg=
177,673,wIHuYh3jmOZVqES+QEmGEX58E1A=,DqD/DNabcP+3SozCtpcFoRsa0fg=
180,677,wIHuYh3jmOZVqES+QEmGEX58E1A=,DqD/DNabcP+3SozCtpcFoRsa0fg=
178,675,wIHuYh3jmOZVqES+QEmGEX58E1A=,DqD/DNabcP+3SozCtpcFoRsa0fg=
177,675,wIHuYh3jmOZVqES+QEmGEX58E1A=,DqD/DNabcP+3SozCtpcFoRsa0fg=
182,679,wIHuYh3jmOZVqES+QEmGEX58E1A=,DqD/DNabcP+3SozCtpcFoRsa0fg=
181,679,wIHuYh3jmOZVqES+QEmGEX58E1A=,DqD/DNabcP+3SozCtpcFoRsa0fg=
178,672,wIHuYh3jmOZVqES+QEmGEX58E1A=,DqD/DNabcP+3SozCtpcFoRsa0fg=
180,672,wIHuYh3jmOZVqES+QEmGEX58E1A=,DqD/DNabcP+3SozCtpcFoRsa0fg=
177,672,wIHuYh3jmOZVqES+QEmGEX58E1A=,DqD/DNabcP+3SozCtpcFoRsa0fg=
179,672,wIHuYh3jmOZVqES+QEmGEX58E1A=,DqD/DNabcP+3SozCtpcFoRsa0fg=
182,672,wIHuYh3jmOZVqES+QEmGEX58E1A=,DqD/DNabcP+3SozCtpcFoRsa0fg=
181,672,wIHuYh3jmOZVqES+QEmGEX58E1A=,DqD/DNabcP+3SozCtpcFoRsa0fg=
176,673,wIHuYh3jmOZVqES+QEmGEX58E1A=,DqD/DNabcP+3SozCtpcFoRsa0fg=
176,675,wIHuYh3jmOZVqES+QEmGEX58E1A=,DqD/DNabcP+3SozCtpcFoRsa0fg=
176,674,wIHuYh3jmOZVqES+QEmGEX58E1A=,DqD/DNabcP+3SozCtpcFoRsa0fg=
176,678,wIHuYh3jmOZVqES+QEmGEX58E1A=,DqD/DNabcP+3SozCtpcFoRsa0fg=
176,677,wIHuYh3jmOZVqES+QEmGEX58E1A=,DqD/DNabcP+3SozCtpcFoRsa0fg=
176,676,wIHuYh3jmOZVqES+QEmGEX58E1A=,DqD/DNabcP+3SozCtpcFoRsa0fg=
176,679,wIHuYh3jmOZVqES+QEmGEX58E1A=,DqD/DNabcP+3SozCtpcFoRsa0fg=
176,672,wIHuYh3jmOZVqES+QEmGEX58E1A=,DqD/DNabcP+3SozCtpcFoRsa0fg=
191,678,wIHuYh3jmOZVqES+QEmGEX58E1A=,R4GVAlL4Zpcx47MJLqNgvntXyfc=
183,678,wIHuYh3jmOZVqES+QEmGEX58E1A=,DqD/DNabcP+3SozCtpcFoRsa0fg=
186,672,wIHuYh3jmOZVqES+QEmGEX58E1A=,R4GVAlL4Zpcx47MJLqNgvntXyfc=
187,672,wIHuYh3jmOZVqES+QEmGEX58E1A=,R4GVAlL4Zpcx47MJLqNgvntXyfc=
183,677,wIHuYh3jmOZVqES+QEmGEX58E1A=,DqD/DNabcP+3SozCtpcFoRsa0fg=
188,672,wIHuYh3jmOZVqES+QEmGEX58E1A=,R4GVAlL4Zpcx47MJLqNgvntXyfc=
189,672,wIHuYh3jmOZVqES+QEmGEX58E1A=,R4GVAlL4Zpcx47MJLqNgvntXyfc=
190,672,wIHuYh3jmOZVqES+QEmGEX58E1A=,R4GVAlL4Zpcx47MJLqNgvntXyfc=
191,672,wIHuYh3jmOZVqES+QEmGEX58E1A=,R4GVAlL4Zpcx47MJLqNgvntXyfc=
184,675,wIHuYh3jmOZVqES+QEmGEX58E1A=,R4GVAlL4Zpcx47MJLqNgvntXyfc=
188,675,wIHuYh3jmOZVqES+QEmGEX58E1A=,R4GVAlL4Zpcx47MJLqNgvntXyfc=
189,675,wIHuYh3jmOZVqES+QEmGEX58E1A=,R4GVAlL4Zpcx47MJLqNgvntXyfc=
190,675,wIHuYh3jmOZVqES+QEmGEX58E1A=,R4GVAlL4Zpcx47MJLqNgvntXyfc=
191,675,wIHuYh3jmOZVqES+QEmGEX58E1A=,R4GVAlL4Zpcx47MJLqNgvntXyfc=
186,673,wIHuYh3jmOZVqES+QEmGEX58E1A=,R4GVAlL4Zpcx47MJLqNgvntXyfc=
184,676,wIHuYh3jmOZVqES+QEmGEX58E1A=,R4GVAlL4Zpcx47MJLqNgvntXyfc=
187,673,wIHuYh3jmOZVqES+QEmGEX58E1A=,R4GVAlL4Zpcx47MJLqNgvntXyfc=
188,673,wIHuYh3jmOZVqES+QEmGEX58E1A=,R4GVAlL4Zpcx47MJLqNgvntXyfc=
188,676,wIHuYh3jmOZVqES+QEmGEX58E1A=,R4GVAlL4Zpcx47MJLqNgvntXyfc=
189,676,wIHuYh3jmOZVqES+QEmGEX58E1A=,R4GVAlL4Zpcx47MJLqNgvntXyfc=
190,676,wIHuYh3jmOZVqES+QEmGEX58E1A=,R4GVAlL4Zpcx47MJLqNgvntXyfc=
189,673,wIHuYh3jmOZVqES+QEmGEX58E1A=,R4GVAlL4Zpcx47MJLqNgvntXyfc=
191,676,wIHuYh3jmOZVqES+QEmGEX58E1A=,R4GVAlL4Zpcx47MJLqNgvntXyfc=
184,677,wIHuYh3jmOZVqES+QEmGEX58E1A=,R4GVAlL4Zpcx47MJLqNgvntXyfc=
190,673,wIHuYh3jmOZVqES+QEmGEX58E1A=,R4GVAlL4Zpcx47MJLqNgvntXyfc=
185,677,wIHuYh3jmOZVqES+QEmGEX58E1A=,R4GVAlL4Zpcx47MJLqNgvntXyfc=
191,673,wIHuYh3jmOZVqES+QEmGEX58E1A=,R4GVAlL4Zpcx47MJLqNgvntXyfc=
187,677,wIHuYh3jmOZVqES+QEmGEX58E1A=,R4GVAlL4Zpcx47MJLqNgvntXyfc=
188,677,wIHuYh3jmOZVqES+QEmGEX58E1A=,R4GVAlL4Zpcx47MJLqNgvntXyfc=
189,677,wIHuYh3jmOZVqES+QEmGEX58E1A=,R4GVAlL4Zpcx47MJLqNgvntXyfc=
190,677,wIHuYh3jmOZVqES+QEmGEX58E1A=,R4GVAlL4Zpcx47MJLqNgvntXyfc=
191,674,wIHuYh3jmOZVqES+QEmGEX58E1A=,R4GVAlL4Zpcx47MJLqNgvntXyfc=
190,674,wIHuYh3jmOZVqES+QEmGEX58E1A=,R4GVAlL4Zpcx47MJLqNgvntXyfc=
183,674,wIHuYh3jmOZVqES+QEmGEX58E1A=,DqD/DNabcP+3SozCtpcFoRsa0fg=
189,674,wIHuYh3jmOZVqES+QEmGEX58E1A=,R4GVAlL4Zpcx47MJLqNgvntXyfc=
188,674,wIHuYh3jmOZVqES+QEmGEX58E1A=,R4GVAlL4Zpcx47MJLqNgvntXyfc=
187,674,wIHuYh3jmOZVqES+QEmGEX58E1A=,R4GVAlL4Zpcx47MJLqNgvntXyfc=
190,678,wIHuYh3jmOZVqES+QEmGEX58E1A=,R4GVAlL4Zpcx47MJLqNgvntXyfc=
189,678,wIHuYh3jmOZVqES+QEmGEX58E1A=,R4GVAlL4Zpcx47MJLqNgvntXyfc=
184,674,wIHuYh3jmOZVqES+QEmGEX58E1A=,R4GVAlL4Zpcx47MJLqNgvntXyfc=
183,675,wIHuYh3jmOZVqES+QEmGEX58E1A=,DqD/DNabcP+3SozCtpcFoRsa0fg=
183,672,wIHuYh3jmOZVqES+QEmGEX58E1A=,DqD/DNabcP+3SozCtpcFoRsa0fg=
183,673,wIHuYh3jmOZVqES+QEmGEX58E1A=,DqD/DNabcP+3SozCtpcFoRsa0fg=
183,676,wIHuYh3jmOZVqES+QEmGEX58E1A=,DqD/DNabcP+3SozCtpcFoRsa0fg=
191,677,wIHuYh3jmOZVqES+QEmGEX58E1A=,R4GVAlL4Zpcx47MJLqNgvntXyfc=
184,678,wIHuYh3jmOZVqES+QEmGEX58E1A=,R4GVAlL4Zpcx47MJLqNgvntXyfc=
185,678,wIHuYh3jmOZVqES+QEmGEX58E1A=,R4GVAlL4Zpcx47MJLqNgvntXyfc=
185,672,wIHuYh3jmOZVqES+QEmGEX58E1A=,R4GVAlL4Zpcx47MJLqNgvntXyfc=
184,672,wIHuYh3jmOZVqES+QEmGEX58E1A=,R4GVAlL4Zpcx47MJLqNgvntXyfc=
185,674,wIHuYh3jmOZVqES+QEmGEX58E1A=,R4GVAlL4Zpcx47MJLqNgvntXyfc=
185,673,wIHuYh3jmOZVqES+QEmGEX58E1A=,R4GVAlL4Zpcx47MJLqNgvntXyfc=
184,673,wIHuYh3jmOZVqES+QEmGEX58E1A=,R4GVAlL4Zpcx47MJLqNgvntXyfc=
187,675,wIHuYh3jmOZVqES+QEmGEX58E1A=,R4GVAlL4Zpcx47MJLqNgvntXyfc=
186,674,wIHuYh3jmOZVqES+QEmGEX58E1A=,R4GVAlL4Zpcx47MJLqNgvntXyfc=
186,675,wIHuYh3jmOZVqES+QEmGEX58E1A=,R4GVAlL4Zpcx47MJLqNgvntXyfc=
185,675,wIHuYh3jmOZVqES+QEmGEX58E1A=,R4GVAlL4Zpcx47MJLqNgvntXyfc=
191,685,wIHuYh3jmOZVqES+QEmGEX58E1A=,enGIQUQZvEBzeN7debeXgHp1k9c=
190,685,wIHuYh3jmOZVqES+QEmGEX58E1A=,enGIQUQZvEBzeN7debeXgHp1k9c=
189,685,wIHuYh3jmOZVqES+QEmGEX58E1A=,enGIQUQZvEBzeN7debeXgHp1k9c=
184,686,wIHuYh3jmOZVqES+QEmGEX58E1A=,enGIQUQZvEBzeN7debeXgHp1k9c=
185,686,wIHuYh3jmOZVqES+QEmGEX58E1A=,enGIQUQZvEBzeN7debeXgHp1k9c=
189,686,wIHuYh3jmOZVqES+QEmGEX58E1A=,enGIQUQZvEBzeN7debeXgHp1k9c=
183,679,wIHuYh3jmOZVqES+QEmGEX58E1A=,DqD/DNabcP+3SozCtpcFoRsa0fg=
184,680,wIHuYh3jmOZVqES+QEmGEX58E1A=,enGIQUQZvEBzeN7debeXgHp1k9c=
185,680,wIHuYh3jmOZVqES+QEmGEX58E1A=,enGIQUQZvEBzeN7debeXgHp1k9c=
190,686,wIHuYh3jmOZVqES+QEmGEX58E1A=,enGIQUQZvEBzeN7debeXgHp1k9c=
191,686,wIHuYh3jmOZVqES+QEmGEX58E1A=,enGIQUQZvEBzeN7debeXgHp1k9c=
184,687,wIHuYh3jmOZVqES+QEmGEX58E1A=,enGIQUQZvEBzeN7debeXgHp1k9c=
186,680,wIHuYh3jmOZVqES+QEmGEX58E1A=,enGIQUQZvEBzeN7debeXgHp1k9c=
185,687,wIHuYh3jmOZVqES+QEmGEX58E1A=,enGIQUQZvEBzeN7debeXgHp1k9c=
186,687,wIHuYh3jmOZVqES+QEmGEX58E1A=,enGIQUQZvEBzeN7debeXgHp1k9c=
184,679,wIHuYh3jmOZVqES+QEmGEX58E1A=,R4GVAlL4Zpcx47MJLqNgvntXyfc=
186,685,wIHuYh3jmOZVqES+QEmGEX58E1A=,enGIQUQZvEBzeN7debeXgHp1k9c=
188,686,wIHuYh3jmOZVqES+QEmGEX58E1A=,enGIQUQZvEBzeN7debeXgHp1k9c=
187,686,wIHuYh3jmOZVqES+QEmGEX58E1A=,enGIQUQZvEBzeN7debeXgHp1k9c=
185,676,wIHuYh3jmOZVqES+QEmGEX58E1A=,R4GVAlL4Zpcx47MJLqNgvntXyfc=
187,685,wIHuYh3jmOZVqES+QEmGEX58E1A=,enGIQUQZvEBzeN7debeXgHp1k9c=
185,685,wIHuYh3jmOZVqES+QEmGEX58E1A=,enGIQUQZvEBzeN7debeXgHp1k9c=
186,686,wIHuYh3jmOZVqES+QEmGEX58E1A=,enGIQUQZvEBzeN7debeXgHp1k9c=
188,685,wIHuYh3jmOZVqES+QEmGEX58E1A=,enGIQUQZvEBzeN7debeXgHp1k9c=
187,680,wIHuYh3jmOZVqES+QEmGEX58E1A=,enGIQUQZvEBzeN7debeXgHp1k9c=
186,678,wIHuYh3jmOZVqES+QEmGEX58E1A=,R4GVAlL4Zpcx47MJLqNgvntXyfc=
188,680,wIHuYh3jmOZVqES+QEmGEX58E1A=,enGIQUQZvEBzeN7debeXgHp1k9c=
189,680,wIHuYh3jmOZVqES+QEmGEX58E1A=,enGIQUQZvEBzeN7debeXgHp1k9c=
190,680,wIHuYh3jmOZVqES+QEmGEX58E1A=,enGIQUQZvEBzeN7debeXgHp1k9c=
191,680,wIHuYh3jmOZVqES+QEmGEX58E1A=,enGIQUQZvEBzeN7debeXgHp1k9c=
187,678,wIHuYh3jmOZVqES+QEmGEX58E1A=,R4GVAlL4Zpcx47MJLqNgvntXyfc=
187,687,wIHuYh3jmOZVqES+QEmGEX58E1A=,enGIQUQZvEBzeN7debeXgHp1k9c=
184,681,wIHuYh3jmOZVqES+QEmGEX58E1A=,enGIQUQZvEBzeN7debeXgHp1k9c=
185,679,wIHuYh3jmOZVqES+QEmGEX58E1A=,R4GVAlL4Zpcx47MJLqNgvntXyfc=
188,687,wIHuYh3jmOZVqES+QEmGEX58E1A=,enGIQUQZvEBzeN7debeXgHp1k9c=
189,687,wIHuYh3jmOZVqES+QEmGEX58E1A=,enGIQUQZvEBzeN7debeXgHp1k9c=
190,687,wIHuYh3jmOZVqES+QEmGEX58E1A=,enGIQUQZvEBzeN7debeXgHp1k9c=
191,687,wIHuYh3jmOZVqES+QEmGEX58E1A=,enGIQUQZvEBzeN7debeXgHp1k9c=
186,679,wIHuYh3jmOZVqES+QEmGEX58E1A=,R4GVAlL4Zpcx47MJLqNgvntXyfc=
185,681,wIHuYh3jmOZVqES+QEmGEX58E1A=,enGIQUQZvEBzeN7debeXgHp1k9c=
186,681,wIHuYh3jmOZVqES+QEmGEX58E1A=,enGIQUQZvEBzeN7debeXgHp1k9c=
186,676,wIHuYh3jmOZVqES+QEmGEX58E1A=,R4GVAlL4Zpcx47MJLqNgvntXyfc=
184,685,wIHuYh3jmOZVqES+QEmGEX58E1A=,enGIQUQZvEBzeN7debeXgHp1k9c=
191,684,wIHuYh3jmOZVqES+QEmGEX58E1A=,enGIQUQZvEBzeN7debeXgHp1k9c=
190,684,wIHuYh3jmOZVqES+QEmGEX58E1A=,enGIQUQZvEBzeN7debeXgHp1k9c=
189,684,wIHuYh3jmOZVqES+QEmGEX58E1A=,enGIQUQZvEBzeN7debeXgHp1k9c=
187,681,wIHuYh3jmOZVqES+QEmGEX58E1A=,enGIQUQZvEBzeN7debeXgHp1k9c=
188,684,wIHuYh3jmOZVqES+QEmGEX58E1A=,enGIQUQZvEBzeN7debeXgHp1k9c=
186,684,wIHuYh3jmOZVqES+QEmGEX58E1A=,enGIQUQZvEBzeN7debeXgHp1k9c=
185,684,wIHuYh3jmOZVqES+QEmGEX58E1A=,enGIQUQZvEBzeN7debeXgHp1k9c=
184,684,wIHuYh3jmOZVqES+QEmGEX58E1A=,enGIQUQZvEBzeN7debeXgHp1k9c=
187,684,wIHuYh3jmOZVqES+QEmGEX58E1A=,enGIQUQZvEBzeN7debeXgHp1k9c=
191,683,wIHuYh3jmOZVqES+QEmGEX58E1A=,enGIQUQZvEBzeN7debeXgHp1k9c=
188,678,wIHuYh3jmOZVqES+QEmGEX58E1A=,R4GVAlL4Zpcx47MJLqNgvntXyfc=
190,683,wIHuYh3jmOZVqES+QEmGEX58E1A=,enGIQUQZvEBzeN7debeXgHp1k9c=
189,683,wIHuYh3jmOZVqES+QEmGEX58E1A=,enGIQUQZvEBzeN7debeXgHp1k9c=
188,683,wIHuYh3jmOZVqES+QEmGEX58E1A=,enGIQUQZvEBzeN7debeXgHp1k9c=
188,681,wIHuYh3jmOZVqES+QEmGEX58E1A=,enGIQUQZvEBzeN7debeXgHp1k9c=
189,681,wIHuYh3jmOZVqES+QEmGEX58E1A=,enGIQUQZvEBzeN7debeXgHp1k9c=
190,681,wIHuYh3jmOZVqES+QEmGEX58E1A=,enGIQUQZvEBzeN7debeXgHp1k9c=
191,681,wIHuYh3jmOZVqES+QEmGEX58E1A=,enGIQUQZvEBzeN7debeXgHp1k9c=
184,682,wIHuYh3jmOZVqES+QEmGEX58E1A=,enGIQUQZvEBzeN7debeXgHp1k9c=
185,682,wIHuYh3jmOZVqES+QEmGEX58E1A=,enGIQUQZvEBzeN7debeXgHp1k9c=
186,682,wIHuYh3jmOZVqES+QEmGEX58E1A=,enGIQUQZvEBzeN7debeXgHp1k9c=
187,683,wIHuYh3jmOZVqES+QEmGEX58E1A=,enGIQUQZvEBzeN7debeXgHp1k9c=
186,683,wIHuYh3jmOZVqES+QEmGEX58E1A=,enGIQUQZvEBzeN7debeXgHp1k9c=
185,683,wIHuYh3jmOZVqES+QEmGEX58E1A=,enGIQUQZvEBzeN7debeXgHp1k9c=
184,683,wIHuYh3jmOZVqES+QEmGEX58E1A=,enGIQUQZvEBzeN7debeXgHp1k9c=
191,682,wIHuYh3jmOZVqES+QEmGEX58E1A=,enGIQUQZvEBzeN7debeXgHp1k9c=
190,682,wIHuYh3jmOZVqES+QEmGEX58E1A=,enGIQUQZvEBzeN7debeXgHp1k9c=
191,679,wIHuYh3jmOZVqES+QEmGEX58E1A=,R4GVAlL4Zpcx47MJLqNgvntXyfc=
189,682,wIHuYh3jmOZVqES+QEmGEX58E1A=,enGIQUQZvEBzeN7debeXgHp1k9c=
190,679,wIHuYh3jmOZVqES+QEmGEX58E1A=,R4GVAlL4Zpcx47MJLqNgvntXyfc=
187,676,wIHuYh3jmOZVqES+QEmGEX58E1A=,R4GVAlL4Zpcx47MJLqNgvntXyfc=
189,679,wIHuYh3jmOZVqES+QEmGEX58E1A=,R4GVAlL4Zpcx47MJLqNgvntXyfc=
186,677,wIHuYh3jmOZVqES+QEmGEX58E1A=,R4GVAlL4Zpcx47MJLqNgvntXyfc=
188,679,wIHuYh3jmOZVqES+QEmGEX58E1A=,R4GVAlL4Zpcx47MJLqNgvntXyfc=
187,679,wIHuYh3jmOZVqES+QEmGEX58E1A=,R4GVAlL4Zpcx47MJLqNgvntXyfc=
188,682,wIHuYh3jmOZVqES+QEmGEX58E1A=,enGIQUQZvEBzeN7debeXgHp1k9c=
187,682,wIHuYh3jmOZVqES+QEmGEX58E1A=,enGIQUQZvEBzeN7debeXgHp1k9c=
184,699,s+Wh/P2g2dK0znxM9PI5j73J6m4=,hFLcDR8nA45sJ92QbrIE8pNNFbw=
187,703,s+Wh/P2g2dK0znxM9PI5j73J6m4=,hFLcDR8nA45sJ92QbrIE8pNNFbw=
187,702,s+Wh/P2g2dK0znxM9PI5j73J6m4=,hFLcDR8nA45sJ92QbrIE8pNNFbw=
186,702,s+Wh/P2g2dK0znxM9PI5j73J6m4=,hFLcDR8nA45sJ92QbrIE8pNNFbw=
185,701,s+Wh/P2g2dK0znxM9PI5j73J6m4=,hFLcDR8nA45sJ92QbrIE8pNNFbw=
185,702,s+Wh/P2g2dK0znxM9PI5j73J6m4=,hFLcDR8nA45sJ92QbrIE8pNNFbw=
191,698,s+Wh/P2g2dK0znxM9PI5j73J6m4=,hFLcDR8nA45sJ92QbrIE8pNNFbw=
186,703,s+Wh/P2g2dK0znxM9PI5j73J6m4=,hFLcDR8nA45sJ92QbrIE8pNNFbw=
188,698,s+Wh/P2g2dK0znxM9PI5j73J6m4=,hFLcDR8nA45sJ92QbrIE8pNNFbw=
184,702,s+Wh/P2g2dK0znxM9PI5j73J6m4=,hFLcDR8nA45sJ92QbrIE8pNNFbw=
185,703,s+Wh/P2g2dK0znxM9PI5j73J6m4=,hFLcDR8nA45sJ92QbrIE8pNNFbw=
184,701,s+Wh/P2g2dK0znxM9PI5j73J6m4=,hFLcDR8nA45sJ92QbrIE8pNNFbw=
184,703,s+Wh/P2g2dK0znxM9PI5j73J6m4=,hFLcDR8nA45sJ92QbrIE8pNNFbw=
184,688,s+Wh/P2g2dK0znxM9PI5j73J6m4=,s8fGj1feE6WkDQ0igbs3++8lp4c=
184,696,s+Wh/P2g2dK0znxM9PI5j73J6m4=,hFLcDR8nA45sJ92QbrIE8pNNFbw=
185,688,s+Wh/P2g2dK0znxM9PI5j73J6m4=,s8fGj1feE6WkDQ0igbs3++8lp4c=
189,688,s+Wh/P2g2dK0znxM9PI5j73J6m4=,s8fGj1feE6WkDQ0igbs3++8lp4c=
190,688,s+Wh/P2g2dK0znxM9PI5j73J6m4=,s8fGj1feE6WkDQ0igbs3++8lp4c=
191,688,s+Wh/P2g2dK0znxM9PI5j73J6m4=,s8fGj1feE6WkDQ0igbs3++8lp4c=
184,689,s+Wh/P2g2dK0znxM9PI5j73J6m4=,s8fGj1feE6WkDQ0igbs3++8lp4c=
185,689,s+Wh/P2g2dK0znxM9PI5j73J6m4=,s8fGj1feE6WkDQ0igbs3++8lp4c=
186,689,s+Wh/P2g2dK0znxM9PI5j73J6m4=,s8fGj1feE6WkDQ0igbs3++8lp4c=
184,694,s+Wh/P2g2dK0znxM9PI5j73J6m4=,s8fGj1feE6WkDQ0igbs3++8lp4c=
185,694,s+Wh/P2g2dK0znxM9PI5j73J6m4=,s8fGj1feE6WkDQ0igbs3++8lp4c=
187,689,s+Wh/P2g2dK0znxM9PI5j73J6m4=,s8fGj1feE6WkDQ0igbs3++8lp4c=
186,694,s+Wh/P2g2dK0znxM9PI5j73J6m4=,s8fGj1feE6WkDQ0igbs3++8lp4c=
190,689,s+Wh/P2g2dK0znxM9PI5j73J6m4=,s8fGj1feE6WkDQ0igbs3++8lp4c=
187,694,s+Wh/P2g2dK0znxM9PI5j73J6m4=,s8fGj1feE6WkDQ0igbs3++8lp4c=
188,694,s+Wh/P2g2dK0znxM9PI5j73J6m4=,s8fGj1feE6WkDQ0igbs3++8lp4c=
189,694,s+Wh/P2g2dK0znxM9PI5j73J6m4=,s8fGj1feE6WkDQ0igbs3++8lp4c=
191,689,s+Wh/P2g2dK0znxM9PI5j73J6m4=,s8fGj1feE6WkDQ0igbs3++8lp4c=
184,690,s+Wh/P2g2dK0znxM9PI5j73J6m4=,s8fGj1feE6WkDQ0igbs3++8lp4c=
188,696,s+Wh/P2g2dK0znxM9PI5j73J6m4=,hFLcDR8nA45sJ92QbrIE8pNNFbw=
185,696,s+Wh/P2g2dK0znxM9PI5j73J6m4=,hFLcDR8nA45sJ92QbrIE8pNNFbw=
186,690,s+Wh/P2g2dK0znxM9PI5j73J6m4=,s8fGj1feE6WkDQ0igbs3++8lp4c=
190,690,s+Wh/P2g2dK0znxM9PI5j73J6m4=,s8fGj1feE6WkDQ0igbs3++8lp4c=
191,690,s+Wh/P2g2dK0znxM9PI5j73J6m4=,s8fGj1feE6WkDQ0igbs3++8lp4c=
186,696,s+Wh/P2g2dK0znxM9PI5j73J6m4=,hFLcDR8nA45sJ92QbrIE8pNNFbw=
184,691,s+Wh/P2g2dK0znxM9PI5j73J6m4=,s8fGj1feE6WkDQ0igbs3++8lp4c=
191,694,s+Wh/P2g2dK0znxM9PI5j73J6m4=,s8fGj1feE6WkDQ0igbs3++8lp4c=
185,691,s+Wh/P2g2dK0znxM9PI5j73J6m4=,s8fGj1feE6WkDQ0igbs3++8lp4c=
186,691,s+Wh/P2g2dK0znxM9PI5j73J6m4=,s8fGj1feE6WkDQ0igbs3++8lp4c=
187,691,s+Wh/P2g2dK0znxM9PI5j73J6m4=,s8fGj1feE6WkDQ0igbs3++8lp4c=
184,695,s+Wh/P2g2dK0znxM9PI5j73J6m4=,s8fGj1feE6WkDQ0igbs3++8lp4c=
185,690,s+Wh/P2g2dK0znxM9PI5j73J6m4=,s8fGj1feE6WkDQ0igbs3++8lp4c=
185,695,s+Wh/P2g2dK0znxM9PI5j73J6m4=,s8fGj1feE6WkDQ0igbs3++8lp4c=
186,695,s+Wh/P2g2dK0znxM9PI5j73J6m4=,s8fGj1feE6WkDQ0igbs3++8lp4c=
187,695,s+Wh/P2g2dK0znxM9PI5j73J6m4=,s8fGj1feE6WkDQ0igbs3++8lp4c=
190,691,s+Wh/P2g2dK0znxM9PI5j73J6m4=,s8fGj1feE6WkDQ0igbs3++8lp4c=
191,691,s+Wh/P2g2dK0znxM9PI5j73J6m4=,s8fGj1feE6WkDQ0igbs3++8lp4c=
184,692,s+Wh/P2g2dK0znxM9PI5j73J6m4=,s8fGj1feE6WkDQ0igbs3++8lp4c=
185,692,s+Wh/P2g2dK0znxM9PI5j73J6m4=,s8fGj1feE6WkDQ0igbs3++8lp4c=
188,695,s+Wh/P2g2dK0znxM9PI5j73J6m4=,s8fGj1feE6WkDQ0igbs3++8lp4c=
191,695,s+Wh/P2g2dK0znxM9PI5j73J6m4=,s8fGj1feE6WkDQ0igbs3++8lp4c=
186,692,s+Wh/P2g2dK0znxM9PI5j73J6m4=,s8fGj1feE6WkDQ0igbs3++8lp4c=
190,702,s+Wh/P2g2dK0znxM9PI5j73J6m4=,hFLcDR8nA45sJ92QbrIE8pNNFbw=
189,700,s+Wh/P2g2dK0znxM9PI5j73J6m4=,hFLcDR8nA45sJ92QbrIE8pNNFbw=
188,700,s+Wh/P2g2dK0znxM9PI5j73J6m4=,hFLcDR8nA45sJ92QbrIE8pNNFbw=
189,702,s+Wh/P2g2dK0znxM9PI5j73J6m4=,hFLcDR8nA45sJ92QbrIE8pNNFbw=
191,702,s+Wh/P2g2dK0znxM9PI5j73J6m4=,hFLcDR8nA45sJ92QbrIE8pNNFbw=
185,700,s+Wh/P2g2dK0znxM9PI5j73J6m4=,hFLcDR8nA45sJ92QbrIE8pNNFbw=
190,701,s+Wh/P2g2dK0znxM9PI5j73J6m4=,hFLcDR8nA45sJ92QbrIE8pNNFbw=
184,700,s+Wh/P2g2dK0znxM9PI5j73J6m4=,hFLcDR8nA45sJ92QbrIE8pNNFbw=
189,701,s+Wh/P2g2dK0znxM9PI5j73J6m4=,hFLcDR8nA45sJ92QbrIE8pNNFbw=
191,693,s+Wh/P2g2dK0znxM9PI5j73J6m4=,s8fGj1feE6WkDQ0igbs3++8lp4c=
188,701,s+Wh/P2g2dK0znxM9PI5j73J6m4=,hFLcDR8nA45sJ92QbrIE8pNNFbw=
191,701,s+Wh/P2g2dK0znxM9PI5j73J6m4=,hFLcDR8nA45sJ92QbrIE8pNNFbw=
188,697,s+Wh/P2g2dK0znxM9PI5j73J6m4=,hFLcDR8nA45sJ92QbrIE8pNNFbw=
187,697,s+Wh/P2g2dK0znxM9PI5j73J6m4=,hFLcDR8nA45sJ92QbrIE8pNNFbw=
190,700,s+Wh/P2g2dK0znxM9PI5j73J6m4=,hFLcDR8nA45sJ92QbrIE8pNNFbw=
191,699,s+Wh/P2g2dK0znxM9PI5j73J6m4=,hFLcDR8nA45sJ92QbrIE8pNNFbw=
189,699,s+Wh/P2g2dK0znxM9PI5j73J6m4=,hFLcDR8nA45sJ92QbrIE8pNNFbw=
187,700,s+Wh/P2g2dK0znxM9PI5j73J6m4=,hFLcDR8nA45sJ92QbrIE8pNNFbw=
187,698,s+Wh/P2g2dK0znxM9PI5j73J6m4=,hFLcDR8nA45sJ92QbrIE8pNNFbw=
186,698,s+Wh/P2g2dK0znxM9PI5j73J6m4=,hFLcDR8nA45sJ92QbrIE8pNNFbw=
185,698,s+Wh/P2g2dK0znxM9PI5j73J6m4=,hFLcDR8nA45sJ92QbrIE8pNNFbw=
190,699,s+Wh/P2g2dK0znxM9PI5j73J6m4=,hFLcDR8nA45sJ92QbrIE8pNNFbw=
184,698,s+Wh/P2g2dK0znxM9PI5j73J6m4=,hFLcDR8nA45sJ92QbrIE8pNNFbw=
188,702,s+Wh/P2g2dK0znxM9PI5j73J6m4=,hFLcDR8nA45sJ92QbrIE8pNNFbw=
190,693,s+Wh/P2g2dK0znxM9PI5j73J6m4=,s8fGj1feE6WkDQ0igbs3++8lp4c=
186,697,s+Wh/P2g2dK0znxM9PI5j73J6m4=,hFLcDR8nA45sJ92QbrIE8pNNFbw=
188,699,s+Wh/P2g2dK0znxM9PI5j73J6m4=,hFLcDR8nA45sJ92QbrIE8pNNFbw=
187,701,s+Wh/P2g2dK0znxM9PI5j73J6m4=,hFLcDR8nA45sJ92QbrIE8pNNFbw=
189,697,s+Wh/P2g2dK0znxM9PI5j73J6m4=,hFLcDR8nA45sJ92QbrIE8pNNFbw=
188,693,s+Wh/P2g2dK0znxM9PI5j73J6m4=,s8fGj1feE6WkDQ0igbs3++8lp4c=
187,693,s+Wh/P2g2dK0znxM9PI5j73J6m4=,s8fGj1feE6WkDQ0igbs3++8lp4c=
186,700,s+Wh/P2g2dK0znxM9PI5j73J6m4=,hFLcDR8nA45sJ92QbrIE8pNNFbw=
186,688,s+Wh/P2g2dK0znxM9PI5j73J6m4=,s8fGj1feE6WkDQ0igbs3++8lp4c=
187,699,s+Wh/P2g2dK0znxM9PI5j73J6m4=,hFLcDR8nA45sJ92QbrIE8pNNFbw=
186,701,s+Wh/P2g2dK0znxM9PI5j73J6m4=,hFLcDR8nA45sJ92QbrIE8pNNFbw=
185,697,s+Wh/P2g2dK0znxM9PI5j73J6m4=,hFLcDR8nA45sJ92QbrIE8pNNFbw=
186,699,s+Wh/P2g2dK0znxM9PI5j73J6m4=,hFLcDR8nA45sJ92QbrIE8pNNFbw=
190,695,s+Wh/P2g2dK0znxM9PI5j73J6m4=,s8fGj1feE6WkDQ0igbs3++8lp4c=
191,703,s+Wh/P2g2dK0znxM9PI5j73J6m4=,hFLcDR8nA45sJ92QbrIE8pNNFbw=
189,695,s+Wh/P2g2dK0znxM9PI5j73J6m4=,s8fGj1feE6WkDQ0igbs3++8lp4c=
189,691,s+Wh/P2g2dK0znxM9PI5j73J6m4=,s8fGj1feE6WkDQ0igbs3++8lp4c=
187,688,s+Wh/P2g2dK0znxM9PI5j73J6m4=,s8fGj1feE6WkDQ0igbs3++8lp4c=
189,693,s+Wh/P2g2dK0znxM9PI5j73J6m4=,s8fGj1feE6WkDQ0igbs3++8lp4c=
188,691,s+Wh/P2g2dK0znxM9PI5j73J6m4=,s8fGj1feE6WkDQ0igbs3++8lp4c=
188,688,s+Wh/P2g2dK0znxM9PI5j73J6m4=,s8fGj1feE6WkDQ0igbs3++8lp4c=
185,699,s+Wh/P2g2dK0znxM9PI5j73J6m4=,hFLcDR8nA45sJ92QbrIE8pNNFbw=
190,697,s+Wh/P2g2dK0znxM9PI5j73J6m4=,hFLcDR8nA45sJ92QbrIE8pNNFbw=
191,700,s+Wh/P2g2dK0znxM9PI5j73J6m4=,hFLcDR8nA45sJ92QbrIE8pNNFbw=
190,694,s+Wh/P2g2dK0znxM9PI5j73J6m4=,s8fGj1feE6WkDQ0igbs3++8lp4c=
189,690,s+Wh/P2g2dK0znxM9PI5j73J6m4=,s8fGj1feE6WkDQ0igbs3++8lp4c=
187,690,s+Wh/P2g2dK0znxM9PI5j73J6m4=,s8fGj1feE6WkDQ0igbs3++8lp4c=
191,697,s+Wh/P2g2dK0znxM9PI5j73J6m4=,hFLcDR8nA45sJ92QbrIE8pNNFbw=
189,689,s+Wh/P2g2dK0znxM9PI5j73J6m4=,s8fGj1feE6WkDQ0igbs3++8lp4c=
189,698,s+Wh/P2g2dK0znxM9PI5j73J6m4=,hFLcDR8nA45sJ92QbrIE8pNNFbw=
188,690,s+Wh/P2g2dK0znxM9PI5j73J6m4=,s8fGj1feE6WkDQ0igbs3++8lp4c=
184,697,s+Wh/P2g2dK0znxM9PI5j73J6m4=,hFLcDR8nA45sJ92QbrIE8pNNFbw=
190,703,s+Wh/P2g2dK0znxM9PI5j73J6m4=,hFLcDR8nA45sJ92QbrIE8pNNFbw=
188,689,s+Wh/P2g2dK0znxM9PI5j73J6m4=,s8fGj1feE6WkDQ0igbs3++8lp4c=
186,693,s+Wh/P2g2dK0znxM9PI5j73J6m4=,s8fGj1feE6WkDQ0igbs3++8lp4c=
189,703,s+Wh/P2g2dK0znxM9PI5j73J6m4=,hFLcDR8nA45sJ92QbrIE8pNNFbw=
188,703,s+Wh/P2g2dK0znxM9PI5j73J6m4=,hFLcDR8nA45sJ92QbrIE8pNNFbw=
185,693,s+Wh/P2g2dK0znxM9PI5j73J6m4=,s8fGj1feE6WkDQ0igbs3++8lp4c=
184,693,s+Wh/P2g2dK0znxM9PI5j73J6m4=,s8fGj1feE6WkDQ0igbs3++8lp4c=
191,696,s+Wh/P2g2dK0znxM9PI5j73J6m4=,hFLcDR8nA45sJ92QbrIE8pNNFbw=
189,696,s+Wh/P2g2dK0znxM9PI5j73J6m4=,hFLcDR8nA45sJ92QbrIE8pNNFbw=
187,696,s+Wh/P2g2dK0znxM9PI5j73J6m4=,hFLcDR8nA45sJ92QbrIE8pNNFbw=
191,692,s+Wh/P2g2dK0znxM9PI5j73J6m4=,s8fGj1feE6WkDQ0igbs3++8lp4c=
190,692,s+Wh/P2g2dK0znxM9PI5j73J6m4=,s8fGj1feE6WkDQ0igbs3++8lp4c=
189,692,s+Wh/P2g2dK0znxM9PI5j73J6m4=,s8fGj1feE6WkDQ0igbs3++8lp4c=
188,692,s+Wh/P2g2dK0znxM9PI5j73J6m4=,s8fGj1feE6WkDQ0igbs3++8lp4c=
187,692,s+Wh/P2g2dK0znxM9PI5j73J6m4=,s8fGj1feE6WkDQ0igbs3++8lp4c=
190,698,s+Wh/P2g2dK0znxM9PI5j73J6m4=,hFLcDR8nA45sJ92QbrIE8pNNFbw=
190,696,s+Wh/P2g2dK0znxM9PI5j73J6m4=,hFLcDR8nA45sJ92QbrIE8pNNFbw=
167,691,rvkHaZF9CkQQC+Uze5Vj3PKwTOE=,9wTzinScaQZSdVzsV09qBOzyu4w=
166,691,rvkHaZF9CkQQC+Uze5Vj3PKwTOE=,9wTzinScaQZSdVzsV09qBOzyu4w=
165,691,rvkHaZF9CkQQC+Uze5Vj3PKwTOE=,9wTzinScaQZSdVzsV09qBOzyu4w=
164,691,rvkHaZF9CkQQC+Uze5Vj3PKwTOE=,9wTzinScaQZSdVzsV09qBOzyu4w=
163,691,rvkHaZF9CkQQC+Uze5Vj3PKwTOE=,9wTzinScaQZSdVzsV09qBOzyu4w=
162,691,rvkHaZF9CkQQC+Uze5Vj3PKwTOE=,9wTzinScaQZSdVzsV09qBOzyu4w=
165,690,rvkHaZF9CkQQC+Uze5Vj3PKwTOE=,9wTzinScaQZSdVzsV09qBOzyu4w=
164,690,rvkHaZF9CkQQC+Uze5Vj3PKwTOE=,9wTzinScaQZSdVzsV09qBOzyu4w=
165,689,rvkHaZF9CkQQC+Uze5Vj3PKwTOE=,9wTzinScaQZSdVzsV09qBOzyu4w=
164,689,rvkHaZF9CkQQC+Uze5Vj3PKwTOE=,9wTzinScaQZSdVzsV09qBOzyu4w=
161,691,rvkHaZF9CkQQC+Uze5Vj3PKwTOE=,9wTzinScaQZSdVzsV09qBOzyu4w=
163,690,rvkHaZF9CkQQC+Uze5Vj3PKwTOE=,9wTzinScaQZSdVzsV09qBOzyu4w=
162,690,rvkHaZF9CkQQC+Uze5Vj3PKwTOE=,9wTzinScaQZSdVzsV09qBOzyu4w=
167,694,rvkHaZF9CkQQC+Uze5Vj3PKwTOE=,9wTzinScaQZSdVzsV09qBOzyu4w=
166,694,rvkHaZF9CkQQC+Uze5Vj3PKwTOE=,9wTzinScaQZSdVzsV09qBOzyu4w=
161,690,rvkHaZF9CkQQC+Uze5Vj3PKwTOE=,9wTzinScaQZSdVzsV09qBOzyu4w=
167,690,rvkHaZF9CkQQC+Uze5Vj3PKwTOE=,9wTzinScaQZSdVzsV09qBOzyu4w=
165,694,rvkHaZF9CkQQC+Uze5Vj3PKwTOE=,9wTzinScaQZSdVzsV09qBOzyu4w=
164,694,rvkHaZF9CkQQC+Uze5Vj3PKwTOE=,9wTzinScaQZSdVzsV09qBOzyu4w=
163,694,rvkHaZF9CkQQC+Uze5Vj3PKwTOE=,9wTzinScaQZSdVzsV09qBOzyu4w=
163,689,rvkHaZF9CkQQC+Uze5Vj3PKwTOE=,9wTzinScaQZSdVzsV09qBOzyu4w=
162,694,rvkHaZF9CkQQC+Uze5Vj3PKwTOE=,9wTzinScaQZSdVzsV09qBOzyu4w=
167,693,rvkHaZF9CkQQC+Uze5Vj3PKwTOE=,9wTzinScaQZSdVzsV09qBOzyu4w=
166,693,rvkHaZF9CkQQC+Uze5Vj3PKwTOE=,9wTzinScaQZSdVzsV09qBOzyu4w=
165,693,rvkHaZF9CkQQC+Uze5Vj3PKwTOE=,9wTzinScaQZSdVzsV09qBOzyu4w=
164,693,rvkHaZF9CkQQC+Uze5Vj3PKwTOE=,9wTzinScaQZSdVzsV09qBOzyu4w=
163,693,rvkHaZF9CkQQC+Uze5Vj3PKwTOE=,9wTzinScaQZSdVzsV09qBOzyu4w=
162,693,rvkHaZF9CkQQC+Uze5Vj3PKwTOE=,9wTzinScaQZSdVzsV09qBOzyu4w=
162,689,rvkHaZF9CkQQC+Uze5Vj3PKwTOE=,9wTzinScaQZSdVzsV09qBOzyu4w=
166,690,rvkHaZF9CkQQC+Uze5Vj3PKwTOE=,9wTzinScaQZSdVzsV09qBOzyu4w=
161,693,rvkHaZF9CkQQC+Uze5Vj3PKwTOE=,9wTzinScaQZSdVzsV09qBOzyu4w=
167,692,rvkHaZF9CkQQC+Uze5Vj3PKwTOE=,9wTzinScaQZSdVzsV09qBOzyu4w=
166,692,rvkHaZF9CkQQC+Uze5Vj3PKwTOE=,9wTzinScaQZSdVzsV09qBOzyu4w=
165,692,rvkHaZF9CkQQC+Uze5Vj3PKwTOE=,9wTzinScaQZSdVzsV09qBOzyu4w=
167,689,rvkHaZF9CkQQC+Uze5Vj3PKwTOE=,9wTzinScaQZSdVzsV09qBOzyu4w=
164,692,rvkHaZF9CkQQC+Uze5Vj3PKwTOE=,9wTzinScaQZSdVzsV09qBOzyu4w=
163,692,rvkHaZF9CkQQC+Uze5Vj3PKwTOE=,9wTzinScaQZSdVzsV09qBOzyu4w=
161,689,rvkHaZF9CkQQC+Uze5Vj3PKwTOE=,9wTzinScaQZSdVzsV09qBOzyu4w=
162,692,rvkHaZF9CkQQC+Uze5Vj3PKwTOE=,9wTzinScaQZSdVzsV09qBOzyu4w=
161,692,rvkHaZF9CkQQC+Uze5Vj3PKwTOE=,9wTzinScaQZSdVzsV09qBOzyu4w=
166,689,rvkHaZF9CkQQC+Uze5Vj3PKwTOE=,9wTzinScaQZSdVzsV09qBOzyu4w=
166,688,rvkHaZF9CkQQC+Uze5Vj3PKwTOE=,9wTzinScaQZSdVzsV09qBOzyu4w=
164,688,rvkHaZF9CkQQC+Uze5Vj3PKwTOE=,9wTzinScaQZSdVzsV09qBOzyu4w=
162,688,rvkHaZF9CkQQC+Uze5Vj3PKwTOE=,9wTzinScaQZSdVzsV09qBOzyu4w=
161,688,rvkHaZF9CkQQC+Uze5Vj3PKwTOE=,9wTzinScaQZSdVzsV09qBOzyu4w=
163,688,rvkHaZF9CkQQC+Uze5Vj3PKwTOE=,9wTzinScaQZSdVzsV09qBOzyu4w=
165,688,rvkHaZF9CkQQC+Uze5Vj3PKwTOE=,9wTzinScaQZSdVzsV09qBOzyu4w=
167,688,rvkHaZF9CkQQC+Uze5Vj3PKwTOE=,9wTzinScaQZSdVzsV09qBOzyu4w=
160,689,rvkHaZF9CkQQC+Uze5Vj3PKwTOE=,9wTzinScaQZSdVzsV09qBOzyu4w=
160,688,rvkHaZF9CkQQC+Uze5Vj3PKwTOE=,9wTzinScaQZSdVzsV09qBOzyu4w=
160,690,rvkHaZF9CkQQC+Uze5Vj3PKwTOE=,9wTzinScaQZSdVzsV09qBOzyu4w=
160,691,rvkHaZF9CkQQC+Uze5Vj3PKwTOE=,9wTzinScaQZSdVzsV09qBOzyu4w=
167,703,rvkHaZF9CkQQC+Uze5Vj3PKwTOE=,AaDpWsF+1imTBMnxBrJfJkZeiRk=
160,698,rvkHaZF9CkQQC+Uze5Vj3PKwTOE=,AaDpWsF+1imTBMnxBrJfJkZeiRk=
163,698,rvkHaZF9CkQQC+Uze5Vj3PKwTOE=,AaDpWsF+1imTBMnxBrJfJkZeiRk=
164,698,rvkHaZF9CkQQC+Uze5Vj3PKwTOE=,AaDpWsF+1imTBMnxBrJfJkZeiRk=
165,698,rvkHaZF9CkQQC+Uze5Vj3PKwTOE=,AaDpWsF+1imTBMnxBrJfJkZeiRk=
166,698,rvkHaZF9CkQQC+Uze5Vj3PKwTOE=,AaDpWsF+1imTBMnxBrJfJkZeiRk=
167,698,rvkHaZF9CkQQC+Uze5Vj3PKwTOE=,AaDpWsF+1imTBMnxBrJfJkZeiRk=
160,699,rvkHaZF9CkQQC+Uze5Vj3PKwTOE=,AaDpWsF+1imTBMnxBrJfJkZeiRk=
167,697,rvkHaZF9CkQQC+Uze5Vj3PKwTOE=,AaDpWsF+1imTBMnxBrJfJkZeiRk=
163,699,rvkHaZF9CkQQC+Uze5Vj3PKwTOE=,AaDpWsF+1imTBMnxBrJfJkZeiRk=
163,703,rvkHaZF9CkQQC+Uze5Vj3PKwTOE=,AaDpWsF+1imTBMnxBrJfJkZeiRk=
164,699,rvkHaZF9CkQQC+Uze5Vj3PKwTOE=,AaDpWsF+1imTBMnxBrJfJkZeiRk=
162,703,rvkHaZF9CkQQC+Uze5Vj3PKwTOE=,AaDpWsF+1imTBMnxBrJfJkZeiRk=
165,699,rvkHaZF9CkQQC+Uze5Vj3PKwTOE=,AaDpWsF+1imTBMnxBrJfJkZeiRk=
166,697,rvkHaZF9CkQQC+Uze5Vj3PKwTOE=,AaDpWsF+1imTBMnxBrJfJkZeiRk=
166,699,rvkHaZF9CkQQC+Uze5Vj3PKwTOE=,AaDpWsF+1imTBMnxBrJfJkZeiRk=
161,703,rvkHaZF9CkQQC+Uze5Vj3PKwTOE=,AaDpWsF+1imTBMnxBrJfJkZeiRk=
165,697,rvkHaZF9CkQQC+Uze5Vj3PKwTOE=,AaDpWsF+1imTBMnxBrJfJkZeiRk=
167,699,rvkHaZF9CkQQC+Uze5Vj3PKwTOE=,AaDpWsF+1imTBMnxBrJfJkZeiRk=
164,697,rvkHaZF9CkQQC+Uze5Vj3PKwTOE=,AaDpWsF+1imTBMnxBrJfJkZeiRk=
163,697,rvkHaZF9CkQQC+Uze5Vj3PKwTOE=,AaDpWsF+1imTBMnxBrJfJkZeiRk=
167,696,rvkHaZF9CkQQC+Uze5Vj3PKwTOE=,AaDpWsF+1imTBMnxBrJfJkZeiRk=
166,696,rvkHaZF9CkQQC+Uze5Vj3PKwTOE=,AaDpWsF+1imTBMnxBrJfJkZeiRk=
165,696,rvkHaZF9CkQQC+Uze5Vj3PKwTOE=,AaDpWsF+1imTBMnxBrJfJkZeiRk=
164,696,rvkHaZF9CkQQC+Uze5Vj3PKwTOE=,AaDpWsF+1imTBMnxBrJfJkZeiRk=
163,696,rvkHaZF9CkQQC+Uze5Vj3PKwTOE=,AaDpWsF+1imTBMnxBrJfJkZeiRk=
160,703,rvkHaZF9CkQQC+Uze5Vj3PKwTOE=,AaDpWsF+1imTBMnxBrJfJkZeiRk=
167,702,rvkHaZF9CkQQC+Uze5Vj3PKwTOE=,AaDpWsF+1imTBMnxBrJfJkZeiRk=
166,702,rvkHaZF9CkQQC+Uze5Vj3PKwTOE=,AaDpWsF+1imTBMnxBrJfJkZeiRk=
162,702,rvkHaZF9CkQQC+Uze5Vj3PKwTOE=,AaDpWsF+1imTBMnxBrJfJkZeiRk=
161,702,rvkHaZF9CkQQC+Uze5Vj3PKwTOE=,AaDpWsF+1imTBMnxBrJfJkZeiRk=
167,695,rvkHaZF9CkQQC+Uze5Vj3PKwTOE=,9wTzinScaQZSdVzsV09qBOzyu4w=
166,695,rvkHaZF9CkQQC+Uze5Vj3PKwTOE=,9wTzinScaQZSdVzsV09qBOzyu4w=
160,702,rvkHaZF9CkQQC+Uze5Vj3PKwTOE=,AaDpWsF+1imTBMnxBrJfJkZeiRk=
167,701,rvkHaZF9CkQQC+Uze5Vj3PKwTOE=,AaDpWsF+1imTBMnxBrJfJkZeiRk=
166,701,rvkHaZF9CkQQC+Uze5Vj3PKwTOE=,AaDpWsF+1imTBMnxBrJfJkZeiRk=
165,701,rvkHaZF9CkQQC+Uze5Vj3PKwTOE=,AaDpWsF+1imTBMnxBrJfJkZeiRk=
162,701,rvkHaZF9CkQQC+Uze5Vj3PKwTOE=,AaDpWsF+1imTBMnxBrJfJkZeiRk=
165,695,rvkHaZF9CkQQC+Uze5Vj3PKwTOE=,9wTzinScaQZSdVzsV09qBOzyu4w=
161,701,rvkHaZF9CkQQC+Uze5Vj3PKwTOE=,AaDpWsF+1imTBMnxBrJfJkZeiRk=
160,701,rvkHaZF9CkQQC+Uze5Vj3PKwTOE=,AaDpWsF+1imTBMnxBrJfJkZeiRk=
164,695,rvkHaZF9CkQQC+Uze5Vj3PKwTOE=,9wTzinScaQZSdVzsV09qBOzyu4w=
167,700,rvkHaZF9CkQQC+Uze5Vj3PKwTOE=,AaDpWsF+1imTBMnxBrJfJkZeiRk=
166,700,rvkHaZF9CkQQC+Uze5Vj3PKwTOE=,AaDpWsF+1imTBMnxBrJfJkZeiRk=
163,695,rvkHaZF9CkQQC+Uze5Vj3PKwTOE=,9wTzinScaQZSdVzsV09qBOzyu4w=
162,695,rvkHaZF9CkQQC+Uze5Vj3PKwTOE=,9wTzinScaQZSdVzsV09qBOzyu4w=
165,700,rvkHaZF9CkQQC+Uze5Vj3PKwTOE=,AaDpWsF+1imTBMnxBrJfJkZeiRk=
161,700,rvkHaZF9CkQQC+Uze5Vj3PKwTOE=,AaDpWsF+1imTBMnxBrJfJkZeiRk=
161,695,rvkHaZF9CkQQC+Uze5Vj3PKwTOE=,9wTzinScaQZSdVzsV09qBOzyu4w=
162,700,rvkHaZF9CkQQC+Uze5Vj3PKwTOE=,AaDpWsF+1imTBMnxBrJfJkZeiRk=
163,700,rvkHaZF9CkQQC+Uze5Vj3PKwTOE=,AaDpWsF+1imTBMnxBrJfJkZeiRk=
164,700,rvkHaZF9CkQQC+Uze5Vj3PKwTOE=,AaDpWsF+1imTBMnxBrJfJkZeiRk=
160,695,rvkHaZF9CkQQC+Uze5Vj3PKwTOE=,9wTzinScaQZSdVzsV09qBOzyu4w=
160,700,rvkHaZF9CkQQC+Uze5Vj3PKwTOE=,AaDpWsF+1imTBMnxBrJfJkZeiRk=
161,694,rvkHaZF9CkQQC+Uze5Vj3PKwTOE=,9wTzinScaQZSdVzsV09qBOzyu4w=
160,694,rvkHaZF9CkQQC+Uze5Vj3PKwTOE=,9wTzinScaQZSdVzsV09qBOzyu4w=
163,701,rvkHaZF9CkQQC+Uze5Vj3PKwTOE=,AaDpWsF+1imTBMnxBrJfJkZeiRk=
160,693,rvkHaZF9CkQQC+Uze5Vj3PKwTOE=,9wTzinScaQZSdVzsV09qBOzyu4w=
164,701,rvkHaZF9CkQQC+Uze5Vj3PKwTOE=,AaDpWsF+1imTBMnxBrJfJkZeiRk=
160,692,rvkHaZF9CkQQC+Uze5Vj3PKwTOE=,9wTzinScaQZSdVzsV09qBOzyu4w=
164,703,rvkHaZF9CkQQC+Uze5Vj3PKwTOE=,AaDpWsF+1imTBMnxBrJfJkZeiRk=
166,703,rvkHaZF9CkQQC+Uze5Vj3PKwTOE=,AaDpWsF+1imTBMnxBrJfJkZeiRk=
160,696,rvkHaZF9CkQQC+Uze5Vj3PKwTOE=,AaDpWsF+1imTBMnxBrJfJkZeiRk=
165,703,rvkHaZF9CkQQC+Uze5Vj3PKwTOE=,AaDpWsF+1imTBMnxBrJfJkZeiRk=
161,698,rvkHaZF9CkQQC+Uze5Vj3PKwTOE=,AaDpWsF+1imTBMnxBrJfJkZeiRk=
161,699,rvkHaZF9CkQQC+Uze5Vj3PKwTOE=,AaDpWsF+1imTBMnxBrJfJkZeiRk=
162,699,rvkHaZF9CkQQC+Uze5Vj3PKwTOE=,AaDpWsF+1imTBMnxBrJfJkZeiRk=
161,696,rvkHaZF9CkQQC+Uze5Vj3PKwTOE=,AaDpWsF+1imTBMnxBrJfJkZeiRk=
162,698,rvkHaZF9CkQQC+Uze5Vj3PKwTOE=,AaDpWsF+1imTBMnxBrJfJkZeiRk=
162,696,rvkHaZF9CkQQC+Uze5Vj3PKwTOE=,AaDpWsF+1imTBMnxBrJfJkZeiRk=
163,702,rvkHaZF9CkQQC+Uze5Vj3PKwTOE=,AaDpWsF+1imTBMnxBrJfJkZeiRk=
162,697,rvkHaZF9CkQQC+Uze5Vj3PKwTOE=,AaDpWsF+1imTBMnxBrJfJkZeiRk=
160,697,rvkHaZF9CkQQC+Uze5Vj3PKwTOE=,AaDpWsF+1imTBMnxBrJfJkZeiRk=
165,702,rvkHaZF9CkQQC+Uze5Vj3PKwTOE=,AaDpWsF+1imTBMnxBrJfJkZeiRk=
164,702,rvkHaZF9CkQQC+Uze5Vj3PKwTOE=,AaDpWsF+1imTBMnxBrJfJkZeiRk=
161,697,rvkHaZF9CkQQC+Uze5Vj3PKwTOE=,AaDpWsF+1imTBMnxBrJfJkZeiRk=
